"language","subject","videoname","Path","MannerCause","MannerObject","Direction","Ground","Object","Verb_P","Verb_MC","Verb_MO","OutsideV_P","OutsideV_MC","OutsideV_MO"
"Spanish",101,"pgd_valcol",1,1,0,0,1,1,0,1,0,1,0,0
"Spanish",101,"pgd_valnei",1,0,1,0,1,1,0,0,1,1,0,0
"Spanish",101,"pge_tabgro",1,1,0,0,1,1,1,1,0,1,0,0
"Spanish",101,"pge_tabmai",1,1,0,0,1,1,1,1,0,1,0,0
"Spanish",101,"pgm_paqdun",1,1,0,0,1,1,0,1,0,1,0,0
"Spanish",101,"pgm_paqtoi",1,1,0,0,1,1,0,1,0,1,0,0
"Spanish",101,"pgt_panrou",0,0,0,1,1,1,0,0,0,0,0,0
"Spanish",101,"pgt_panrue",0,1,0,0,1,1,0,1,0,0,0,0
"Spanish",101,"prd_balcol",1,1,0,0,1,1,0,1,0,1,0,0
"Spanish",101,"prd_balnei",1,1,1,0,1,1,0,1,1,1,0,0
"Spanish",101,"pre_pnegro",1,1,0,0,1,1,1,1,0,1,0,0
"Spanish",101,"pre_pnemai",1,0,1,0,1,1,0,0,1,1,0,0
"Spanish",101,"prm_boudun",1,0,1,0,1,1,1,0,0,1,0,1
"Spanish",101,"prm_boutoi",1,0,1,0,1,1,0,0,1,1,0,0
"Spanish",101,"prt_rourou",0,0,1,1,1,1,0,0,1,0,0,0
"Spanish",101,"prt_rourue",0,0,1,1,0,1,0,0,1,0,0,0
"Spanish",101,"tgd_malcol",1,0,1,0,1,1,0,0,1,1,0,0
"Spanish",101,"tgd_malnei",1,0,1,0,1,1,0,0,1,1,0,0
"Spanish",101,"tge_chagro",1,1,0,0,1,1,1,1,0,0,0,0
"Spanish",101,"tge_chamai",1,1,0,0,1,1,1,1,0,1,0,0
"Spanish",101,"tgm_sacdun",1,1,0,0,1,1,0,0,0,1,1,0
"Spanish",101,"tgm_sactoi",1,0,0,0,1,1,0,0,0,1,0,0
"Spanish",101,"tgt_cherou",1,0,0,1,1,0,1,0,0,0,0,0
"Spanish",101,"tgt_cherue",0,1,0,1,0,1,0,1,0,0,0,0
"Spanish",101,"trd_brocol",1,0,0,0,1,1,0,0,0,1,0,0
"Spanish",101,"trd_bronei",1,0,1,0,1,1,0,0,1,1,0,0
"Spanish",101,"tre_cadgro",1,1,0,0,1,1,1,1,0,1,0,0
"Spanish",101,"tre_cadmai",1,0,1,0,1,1,1,0,0,0,0,1
"Spanish",101,"trm_voidun",1,1,0,0,1,1,0,1,0,1,0,0
"Spanish",101,"trm_voitoi",1,0,0,0,1,1,1,0,0,1,0,0
"Spanish",101,"trt_pourou",1,1,0,1,1,1,0,1,0,1,0,0
"Spanish",101,"trt_pourue",1,1,0,0,1,1,1,1,0,0,0,0
"Spanish",102,"pgd_valcol",1,1,0,0,0,1,1,0,0,1,1,0
"Spanish",102,"pgd_valnei",1,1,0,0,1,1,1,0,0,0,1,0
"Spanish",102,"pge_tabgro",1,1,0,0,1,1,1,1,0,1,0,0
"Spanish",102,"pge_tabmai",1,1,0,0,1,1,1,1,0,1,1,0
"Spanish",102,"pgm_paqdun",1,1,0,0,1,1,1,0,0,0,1,0
"Spanish",102,"pgm_paqtoi",1,1,0,0,1,1,1,0,0,0,1,0
"Spanish",102,"pgt_panrou",1,1,0,0,1,1,1,0,0,0,1,0
"Spanish",102,"pgt_panrue",1,1,0,0,1,1,1,0,0,0,1,0
"Spanish",102,"prd_balcol",1,1,0,0,1,1,1,0,0,0,1,0
"Spanish",102,"prd_balnei",1,1,0,0,1,1,1,0,0,0,1,0
"Spanish",102,"pre_pnegro",1,1,0,0,1,1,1,1,0,1,0,0
"Spanish",102,"pre_pnemai",1,1,0,0,1,1,1,1,0,1,0,0
"Spanish",102,"prm_boudun",1,1,0,0,1,1,1,0,0,0,1,0
"Spanish",102,"prm_boutoi",1,0,1,0,1,1,1,0,0,1,0,1
"Spanish",102,"prt_rourou",1,1,0,0,1,1,1,0,0,0,1,0
"Spanish",102,"prt_rourue",1,1,0,0,1,1,1,0,0,0,1,0
"Spanish",102,"tgd_malcol",1,1,0,0,1,1,1,0,0,0,1,0
"Spanish",102,"tgd_malnei",1,1,0,0,1,1,1,0,0,0,1,0
"Spanish",102,"tge_chagro",1,1,0,0,1,1,1,1,0,1,0,0
"Spanish",102,"tge_chamai",1,1,0,0,1,1,1,1,0,0,0,0
"Spanish",102,"tgm_sacdun",1,1,0,0,1,1,1,0,0,0,1,0
"Spanish",102,"tgm_sactoi",1,1,0,0,1,1,1,0,0,1,1,0
"Spanish",102,"tgt_cherou",1,1,0,0,1,1,1,0,0,0,1,0
"Spanish",102,"tgt_cherue",1,1,0,0,1,1,1,0,0,0,1,0
"Spanish",102,"trd_brocol",1,1,0,0,1,1,1,0,0,0,1,0
"Spanish",102,"trd_bronei",1,1,0,0,1,1,1,0,0,0,1,0
"Spanish",102,"tre_cadgro",1,1,0,0,1,1,1,1,0,1,0,0
"Spanish",102,"tre_cadmai",1,1,0,0,1,1,1,1,0,0,0,0
"Spanish",102,"trm_voidun",1,1,0,0,1,1,1,0,0,0,1,0
"Spanish",102,"trm_voitoi",1,1,0,0,1,1,1,0,0,0,1,0
"Spanish",102,"trt_pourou",1,1,0,0,1,1,1,0,0,0,1,0
"Spanish",102,"trt_pourue",1,1,0,0,1,1,1,0,0,0,1,0
"Spanish",103,"pgd_valcol",1,1,0,0,1,1,0,1,0,1,0,0
"Spanish",103,"pgd_valnei",1,1,0,0,1,1,0,1,0,1,0,0
"Spanish",103,"pge_tabgro",1,1,0,0,1,1,0,1,0,1,0,0
"Spanish",103,"pge_tabmai",1,1,0,0,1,1,0,1,0,1,0,0
"Spanish",103,"pgm_paqdun",1,1,0,0,1,1,0,1,0,1,0,0
"Spanish",103,"pgm_paqtoi",1,1,0,0,1,1,0,1,0,1,0,0
"Spanish",103,"pgt_panrou",1,1,0,0,1,1,0,1,0,1,0,0
"Spanish",103,"pgt_panrue",1,1,0,0,1,1,0,1,0,1,0,0
"Spanish",103,"prd_balcol",1,1,0,0,1,1,0,1,0,1,0,0
"Spanish",103,"prd_balnei",1,1,0,0,1,1,0,1,0,1,0,0
"Spanish",103,"pre_pnegro",1,1,0,0,1,1,0,1,0,1,0,0
"Spanish",103,"pre_pnemai",1,1,0,0,1,1,0,1,0,1,0,0
"Spanish",103,"prm_boudun",1,1,0,0,1,1,0,1,0,1,0,0
"Spanish",103,"prm_boutoi",1,0,1,0,1,1,0,0,0,1,0,1
"Spanish",103,"prt_rourou",1,1,0,0,1,1,0,1,0,1,0,0
"Spanish",103,"prt_rourue",1,1,0,0,1,1,0,1,0,1,0,0
"Spanish",103,"tgd_malcol",1,0,0,0,1,1,1,0,0,0,0,0
"Spanish",103,"tgd_malnei",1,1,0,0,1,1,0,1,0,1,0,0
"Spanish",103,"tge_chagro",1,1,0,0,1,1,0,1,0,1,0,0
"Spanish",103,"tge_chamai",1,1,0,0,1,1,0,1,0,1,0,0
"Spanish",103,"tgm_sacdun",1,1,0,0,1,1,0,1,0,1,0,0
"Spanish",103,"tgm_sactoi",1,1,0,0,1,1,0,1,0,1,0,0
"Spanish",103,"tgt_cherou",1,1,0,0,1,1,0,1,0,1,0,0
"Spanish",103,"tgt_cherue",1,1,0,0,1,1,0,1,0,1,0,0
"Spanish",103,"trd_brocol",1,1,0,0,1,1,0,1,0,1,0,0
"Spanish",103,"trd_bronei",1,1,0,0,1,1,0,1,0,1,0,0
"Spanish",103,"tre_cadgro",1,0,0,0,1,1,1,0,0,0,0,0
"Spanish",103,"tre_cadmai",1,1,0,0,1,1,0,1,0,1,0,0
"Spanish",103,"trm_voidun",1,1,0,0,1,1,0,1,0,1,0,0
"Spanish",103,"trm_voitoi",1,1,0,0,1,1,0,1,0,1,0,0
"Spanish",103,"trt_pourou",1,1,0,0,1,1,0,1,0,1,0,0
"Spanish",103,"trt_pourue",1,1,0,0,1,1,0,1,0,1,0,0
"Spanish",104,"pgd_valcol",1,1,0,0,0,1,0,1,0,1,0,0
"Spanish",104,"pgd_valnei",0,0,1,0,0,1,0,0,1,0,0,0
"Spanish",104,"pge_tabgro",1,0,0,0,1,1,1,0,0,0,0,0
"Spanish",104,"pge_tabmai",1,0,0,0,1,1,1,0,0,0,0,0
"Spanish",104,"pgm_paqdun",1,1,0,0,1,1,1,0,0,0,1,0
"Spanish",104,"pgm_paqtoi",1,0,0,0,1,1,1,0,0,0,0,0
"Spanish",104,"pgt_panrou",1,1,0,0,0,1,1,0,0,0,1,0
"Spanish",104,"pgt_panrue",1,0,0,0,1,1,1,0,0,0,0,0
"Spanish",104,"prd_balcol",1,0,0,0,1,1,1,0,0,0,0,0
"Spanish",104,"prd_balnei",1,0,0,0,0,1,1,0,0,0,0,0
"Spanish",104,"pre_pnegro",1,0,0,0,1,1,1,0,0,0,0,0
"Spanish",104,"pre_pnemai",1,0,0,0,1,1,1,0,0,0,0,0
"Spanish",104,"prm_boudun",1,0,0,0,1,1,1,0,0,0,0,0
"Spanish",104,"prm_boutoi",1,0,0,0,1,1,1,0,0,0,0,0
"Spanish",104,"prt_rourou",1,0,1,0,0,1,1,0,0,0,0,1
"Spanish",104,"prt_rourue",1,0,1,0,1,1,1,0,0,0,0,1
"Spanish",104,"tgd_malcol",1,1,0,0,1,1,1,0,0,0,1,0
"Spanish",104,"tgd_malnei",1,1,0,0,0,1,1,0,0,0,1,0
"Spanish",104,"tge_chagro",1,0,0,0,1,1,1,0,0,0,0,0
"Spanish",104,"tge_chamai",1,0,0,0,1,1,1,0,0,0,0,0
"Spanish",104,"tgm_sacdun",1,1,0,0,1,1,1,0,0,0,1,0
"Spanish",104,"tgm_sactoi",1,0,0,0,1,1,1,0,0,1,0,0
"Spanish",104,"tgt_cherou",1,0,0,0,0,1,1,0,0,0,0,0
"Spanish",104,"tgt_cherue",1,0,0,0,0,1,1,0,0,0,0,0
"Spanish",104,"trd_brocol",1,0,0,0,1,1,1,0,0,0,0,0
"Spanish",104,"trd_bronei",1,0,0,0,1,1,1,0,0,0,0,0
"Spanish",104,"tre_cadgro",1,0,0,0,1,1,1,0,0,0,0,0
"Spanish",104,"tre_cadmai",1,0,0,0,0,1,1,0,0,0,0,0
"Spanish",104,"trm_voidun",1,0,0,0,1,1,1,0,0,0,0,0
"Spanish",104,"trm_voitoi",1,1,0,0,1,1,1,0,0,1,1,0
"Spanish",104,"trt_pourou",1,0,0,0,1,1,1,0,0,0,0,0
"Spanish",104,"trt_pourue",1,0,0,0,1,1,1,0,0,0,0,0
"Spanish",105,"pgd_valcol",1,1,0,0,1,1,0,1,0,1,0,0
"Spanish",105,"pgd_valnei",1,1,0,0,1,1,0,1,0,1,0,0
"Spanish",105,"pge_tabgro",1,1,0,0,1,1,0,1,0,1,0,0
"Spanish",105,"pge_tabmai",1,0,0,0,1,1,1,0,0,0,0,0
"Spanish",105,"pgm_paqdun",0,1,0,0,1,1,0,1,0,0,0,0
"Spanish",105,"pgm_paqtoi",1,0,0,0,1,1,1,0,0,0,0,0
"Spanish",105,"pgt_panrou",1,1,0,0,1,1,0,1,0,1,0,0
"Spanish",105,"pgt_panrue",1,0,0,1,1,1,0,0,0,1,0,0
"Spanish",105,"prd_balcol",1,1,0,0,1,1,0,1,0,1,0,0
"Spanish",105,"prd_balnei",1,0,0,0,1,1,0,0,0,1,0,0
"Spanish",105,"pre_pnegro",1,0,0,0,1,1,1,0,0,0,0,0
"Spanish",105,"pre_pnemai",1,0,0,0,1,1,1,0,0,0,0,0
"Spanish",105,"prm_boudun",1,0,0,0,1,1,1,0,0,0,0,0
"Spanish",105,"prm_boutoi",1,0,0,0,1,1,1,0,0,0,0,0
"Spanish",105,"prt_rourou",1,0,0,0,1,1,1,0,0,0,0,0
"Spanish",105,"prt_rourue",1,0,0,0,1,1,1,0,0,0,0,0
"Spanish",105,"tgd_malcol",1,0,0,1,1,0,1,0,0,0,0,0
"Spanish",105,"tgd_malnei",1,1,0,0,1,1,0,1,0,1,0,0
"Spanish",105,"tge_chagro",1,0,0,0,1,1,1,0,0,0,0,0
"Spanish",105,"tge_chamai",1,0,0,0,1,1,1,0,0,1,0,0
"Spanish",105,"tgm_sacdun",0,1,0,0,1,1,0,1,0,0,0,0
"Spanish",105,"tgm_sactoi",1,0,0,0,1,1,1,0,0,0,0,0
"Spanish",105,"tgt_cherou",1,0,0,0,1,1,1,0,0,0,0,0
"Spanish",105,"tgt_cherue",1,0,0,0,1,1,1,0,0,0,0,0
"Spanish",105,"trd_brocol",1,0,0,0,1,1,0,0,0,1,0,0
"Spanish",105,"trd_bronei",1,0,0,0,1,1,1,0,0,0,0,0
"Spanish",105,"tre_cadgro",1,0,0,1,1,1,1,0,0,0,0,0
"Spanish",105,"tre_cadmai",1,0,0,0,1,1,1,0,0,0,0,0
"Spanish",105,"trm_voidun",1,0,0,0,1,1,1,0,0,0,0,0
"Spanish",105,"trm_voitoi",1,1,0,0,1,1,0,1,0,1,0,0
"Spanish",105,"trt_pourou",1,0,0,0,1,1,1,0,0,0,0,0
"Spanish",105,"trt_pourue",1,0,0,0,1,1,1,0,0,0,0,0
"Spanish",106,"pgd_valcol",1,1,0,0,1,1,1,0,0,0,1,0
"Spanish",106,"pgd_valnei",1,1,0,0,1,1,0,1,0,1,0,0
"Spanish",106,"pge_tabgro",1,1,0,0,1,1,1,1,0,0,0,0
"Spanish",106,"pge_tabmai",1,1,0,0,1,1,0,1,0,1,0,0
"Spanish",106,"pgm_paqdun",0,1,0,0,1,1,0,1,0,0,0,0
"Spanish",106,"pgm_paqtoi",1,1,0,0,1,1,1,1,0,0,0,0
"Spanish",106,"pgt_panrou",1,1,0,0,1,1,0,1,0,1,0,0
"Spanish",106,"pgt_panrue",0,1,0,0,0,1,0,1,0,0,0,0
"Spanish",106,"prd_balcol",1,0,0,0,1,1,1,0,0,0,0,0
"Spanish",106,"prd_balnei",1,0,0,0,1,1,1,0,0,0,0,0
"Spanish",106,"pre_pnegro",1,1,0,0,1,1,0,1,0,1,0,0
"Spanish",106,"pre_pnemai",1,0,0,0,1,1,1,0,0,0,0,0
"Spanish",106,"prm_boudun",1,0,0,0,1,1,1,0,0,0,0,0
"Spanish",106,"prm_boutoi",1,0,0,0,1,1,1,0,0,0,0,0
"Spanish",106,"prt_rourou",1,0,0,0,1,1,1,0,0,0,0,0
"Spanish",106,"prt_rourue",1,0,1,0,1,1,1,0,0,0,0,1
"Spanish",106,"tgd_malcol",1,1,0,0,1,1,1,0,0,0,1,0
"Spanish",106,"tgd_malnei",1,0,0,0,1,1,1,0,0,0,0,0
"Spanish",106,"tge_chagro",1,0,0,0,1,1,1,0,0,0,0,0
"Spanish",106,"tge_chamai",1,0,0,0,1,1,1,0,0,0,0,0
"Spanish",106,"tgm_sacdun",1,0,0,0,1,1,1,0,0,0,0,0
"Spanish",106,"tgm_sactoi",1,0,0,0,1,1,1,0,0,0,0,0
"Spanish",106,"tgt_cherou",1,0,0,0,1,1,1,0,0,0,0,0
"Spanish",106,"tgt_cherue",1,0,0,0,1,1,1,0,0,0,0,0
"Spanish",106,"trd_brocol",1,0,0,0,1,1,1,0,0,0,0,0
"Spanish",106,"trd_bronei",1,0,0,0,1,1,1,0,0,0,0,0
"Spanish",106,"tre_cadgro",1,0,0,0,1,1,1,0,0,0,0,0
"Spanish",106,"tre_cadmai",1,0,0,0,1,1,1,0,0,0,0,0
"Spanish",106,"trm_voidun",0,1,0,0,1,1,0,1,0,0,0,0
"Spanish",106,"trm_voitoi",1,1,0,0,1,1,1,0,0,0,1,0
"Spanish",106,"trt_pourou",1,0,0,0,1,1,1,0,0,0,0,0
"Spanish",106,"trt_pourue",1,1,0,0,1,1,0,1,0,1,0,0
"Spanish",201,"pgd_valcol",1,1,0,0,1,1,1,0,0,0,1,0
"Spanish",201,"pgd_valnei",1,1,0,0,1,1,1,0,0,0,1,0
"Spanish",201,"pge_tabgro",1,1,0,0,1,1,0,1,0,1,0,0
"Spanish",201,"pge_tabmai",1,1,0,0,1,1,1,1,0,0,0,0
"Spanish",201,"pgm_paqdun",1,1,0,0,1,1,1,0,0,0,1,0
"Spanish",201,"pgm_paqtoi",1,1,0,0,1,1,0,1,0,1,0,0
"Spanish",201,"pgt_panrou",1,1,0,0,1,1,1,1,0,0,0,0
"Spanish",201,"pgt_panrue",1,1,0,0,1,1,1,0,0,0,1,0
"Spanish",201,"prd_balcol",0,1,0,0,1,1,0,1,0,0,0,0
"Spanish",201,"prd_balnei",1,1,0,0,1,1,1,1,0,0,0,0
"Spanish",201,"pre_pnegro",1,1,0,0,1,1,0,1,0,1,0,0
"Spanish",201,"pre_pnemai",1,1,0,0,1,1,1,1,0,0,0,0
"Spanish",201,"prm_boudun",1,1,0,0,1,1,1,1,0,0,0,0
"Spanish",201,"prm_boutoi",1,1,0,0,1,1,1,1,0,0,0,0
"Spanish",201,"prt_rourou",1,1,0,0,1,1,1,0,0,0,1,0
"Spanish",201,"prt_rourue",1,1,0,0,1,1,1,0,0,0,1,0
"Spanish",201,"tgd_malcol",1,1,0,0,1,1,1,1,0,0,0,0
"Spanish",201,"tgd_malnei",1,1,0,0,1,1,1,1,0,0,0,0
"Spanish",201,"tge_chagro",1,1,0,0,1,1,0,1,0,1,0,0
"Spanish",201,"tge_chamai",1,1,0,0,1,1,1,0,0,0,1,0
"Spanish",201,"tgm_sacdun",1,1,0,0,1,1,1,0,0,0,1,0
"Spanish",201,"tgm_sactoi",1,1,0,0,1,1,1,0,0,0,1,0
"Spanish",201,"tgt_cherou",1,1,0,0,1,1,1,1,0,0,0,0
"Spanish",201,"tgt_cherue",1,0,0,0,1,1,1,0,0,0,0,0
"Spanish",201,"trd_brocol",1,1,0,0,1,1,1,0,0,0,1,0
"Spanish",201,"trd_bronei",1,1,0,0,1,1,1,0,0,0,1,0
"Spanish",201,"tre_cadgro",1,0,0,0,1,1,1,0,0,0,0,0
"Spanish",201,"tre_cadmai",1,0,0,0,1,1,1,0,0,0,0,0
"Spanish",201,"trm_voidun",1,1,0,0,1,1,1,1,0,0,0,0
"Spanish",201,"trm_voitoi",1,1,0,0,1,1,1,0,0,0,1,0
"Spanish",201,"trt_pourou",1,1,0,0,1,1,1,0,0,0,1,0
"Spanish",201,"trt_pourue",1,0,0,0,1,1,1,0,0,0,0,0
"Spanish",202,"pgd_valcol",1,1,0,0,1,1,1,0,0,0,1,0
"Spanish",202,"pgd_valnei",1,1,0,1,1,1,1,0,0,0,1,0
"Spanish",202,"pge_tabgro",1,1,0,1,1,1,1,0,0,0,1,0
"Spanish",202,"pge_tabmai",1,1,0,1,1,1,1,1,0,0,0,0
"Spanish",202,"pgm_paqdun",1,1,0,1,1,1,1,0,0,0,1,0
"Spanish",202,"pgm_paqtoi",1,1,0,0,1,1,0,1,0,1,0,0
"Spanish",202,"pgt_panrou",1,1,0,1,1,1,1,0,0,0,1,0
"Spanish",202,"pgt_panrue",1,1,0,1,1,1,1,0,0,0,1,0
"Spanish",202,"prd_balcol",1,1,0,0,1,1,1,0,0,0,1,0
"Spanish",202,"prd_balnei",1,1,0,1,1,1,1,0,0,0,1,0
"Spanish",202,"pre_pnegro",1,1,0,1,1,1,1,1,0,0,0,0
"Spanish",202,"pre_pnemai",1,1,0,1,1,1,1,1,0,0,0,0
"Spanish",202,"prm_boudun",1,1,0,1,1,1,1,0,0,0,1,0
"Spanish",202,"prm_boutoi",1,1,0,0,1,1,1,0,0,0,1,0
"Spanish",202,"prt_rourou",1,0,1,1,1,1,1,0,0,0,0,1
"Spanish",202,"prt_rourue",1,0,1,1,1,1,1,0,0,0,0,1
"Spanish",202,"tgd_malcol",1,1,0,1,1,1,1,0,0,0,1,0
"Spanish",202,"tgd_malnei",1,1,0,1,1,1,1,0,0,0,1,0
"Spanish",202,"tge_chagro",1,1,0,1,1,1,1,0,0,0,1,0
"Spanish",202,"tge_chamai",1,1,0,1,1,1,1,0,0,0,1,0
"Spanish",202,"tgm_sacdun",1,1,0,1,1,1,1,0,0,0,1,0
"Spanish",202,"tgm_sactoi",1,1,0,0,1,1,1,0,0,0,1,0
"Spanish",202,"tgt_cherou",1,1,0,1,1,1,1,0,0,0,1,0
"Spanish",202,"tgt_cherue",1,1,0,0,1,1,1,1,0,0,1,0
"Spanish",202,"trd_brocol",1,1,0,1,1,1,1,0,0,0,1,0
"Spanish",202,"trd_bronei",1,1,0,1,1,1,1,0,0,0,1,0
"Spanish",202,"tre_cadgro",1,1,0,1,1,1,1,0,0,0,1,0
"Spanish",202,"tre_cadmai",1,1,0,1,1,1,1,0,0,0,1,0
"Spanish",202,"trm_voidun",0,1,0,1,1,1,0,1,0,0,0,0
"Spanish",202,"trm_voitoi",1,1,0,0,1,1,0,1,0,1,0,0
"Spanish",202,"trt_pourou",1,1,0,1,1,1,1,0,0,0,1,0
"Spanish",202,"trt_pourue",1,1,0,1,1,1,1,0,0,0,1,0
"Spanish",203,"pgd_valcol",1,0,0,0,1,1,1,0,0,0,0,0
"Spanish",203,"pgd_valnei",1,0,0,0,1,1,1,0,0,0,0,0
"Spanish",203,"pge_tabgro",1,0,0,0,1,1,1,0,0,0,0,0
"Spanish",203,"pge_tabmai",1,0,0,0,1,1,1,0,0,0,0,0
"Spanish",203,"pgm_paqdun",1,0,0,0,1,1,1,0,0,0,0,0
"Spanish",203,"pgm_paqtoi",1,0,0,0,1,1,1,0,0,0,0,0
"Spanish",203,"pgt_panrou",1,0,0,0,1,1,1,0,0,0,0,0
"Spanish",203,"pgt_panrue",1,1,0,0,1,1,0,1,0,1,0,0
"Spanish",203,"prd_balcol",1,0,0,0,1,1,1,0,0,0,0,0
"Spanish",203,"prd_balnei",1,0,0,0,1,1,1,0,0,0,0,0
"Spanish",203,"pre_pnegro",1,0,0,0,1,1,1,0,0,0,0,0
"Spanish",203,"pre_pnemai",1,0,0,0,1,1,1,0,0,0,0,0
"Spanish",203,"prm_boudun",1,0,0,0,1,1,1,0,0,0,0,0
"Spanish",203,"prm_boutoi",1,0,0,0,1,1,1,0,0,0,0,0
"Spanish",203,"prt_rourou",1,0,0,0,1,1,1,0,0,0,0,0
"Spanish",203,"prt_rourue",1,0,0,0,1,1,1,0,0,0,0,0
"Spanish",203,"tgd_malcol",1,0,0,0,1,1,1,0,0,0,0,0
"Spanish",203,"tgd_malnei",1,0,0,0,1,1,1,0,0,0,0,0
"Spanish",203,"tge_chagro",1,0,0,0,1,1,1,0,0,0,0,0
"Spanish",203,"tge_chamai",1,0,0,0,1,1,1,0,0,0,0,0
"Spanish",203,"tgm_sacdun",1,0,0,0,1,1,1,0,0,0,0,0
"Spanish",203,"tgm_sactoi",1,0,0,0,1,1,1,0,0,0,0,0
"Spanish",203,"tgt_cherou",1,0,0,0,1,1,1,0,0,0,0,0
"Spanish",203,"tgt_cherue",1,0,0,0,1,1,1,0,0,0,0,0
"Spanish",203,"trd_brocol",1,0,0,0,1,1,1,0,0,0,0,0
"Spanish",203,"trd_bronei",1,0,0,0,1,1,1,0,0,0,0,0
"Spanish",203,"tre_cadgro",1,0,0,0,1,1,1,0,0,0,0,0
"Spanish",203,"tre_cadmai",1,0,0,0,1,1,1,0,0,0,0,0
"Spanish",203,"trm_voidun",1,0,0,0,1,1,1,0,0,0,0,0
"Spanish",203,"trm_voitoi",1,0,0,0,1,1,1,0,0,0,0,0
"Spanish",203,"trt_pourou",1,0,0,0,1,1,1,0,0,0,0,0
"Spanish",203,"trt_pourue",1,1,0,0,1,1,1,0,0,0,1,0
"Spanish",204,"pgd_valcol",1,1,0,0,1,1,0,1,0,1,1,0
"Spanish",204,"pgd_valnei",1,1,0,0,1,1,0,1,0,1,0,0
"Spanish",204,"pge_tabgro",1,0,0,0,1,1,0,0,0,1,0,0
"Spanish",204,"pge_tabmai",1,0,0,0,1,1,0,0,0,1,0,0
"Spanish",204,"pgm_paqdun",1,1,0,0,1,1,1,0,0,0,1,0
"Spanish",204,"pgm_paqtoi",1,1,0,0,1,1,1,0,0,0,1,0
"Spanish",204,"pgt_panrou",1,1,0,0,1,1,0,1,0,1,0,0
"Spanish",204,"pgt_panrue",1,0,0,0,1,1,0,0,0,1,0,0
"Spanish",204,"prd_balcol",1,1,0,0,1,1,0,0,0,1,1,0
"Spanish",204,"prd_balnei",1,0,1,0,1,1,0,0,1,1,0,0
"Spanish",204,"pre_pnegro",1,1,1,0,1,1,0,0,1,1,1,0
"Spanish",204,"pre_pnemai",1,0,1,0,1,1,0,0,1,1,0,0
"Spanish",204,"prm_boudun",0,0,1,0,1,1,0,0,1,0,0,0
"Spanish",204,"prm_boutoi",0,0,1,0,1,1,0,0,1,0,0,0
"Spanish",204,"prt_rourou",1,0,0,0,1,1,0,0,0,1,0,0
"Spanish",204,"prt_rourue",1,0,1,0,1,1,0,0,0,1,0,1
"Spanish",204,"tgd_malcol",1,1,0,0,1,1,0,1,0,1,1,0
"Spanish",204,"tgd_malnei",0,1,0,0,1,1,0,1,0,0,0,0
"Spanish",204,"tge_chagro",1,1,0,0,1,1,0,1,0,1,0,0
"Spanish",204,"tge_chamai",1,0,0,0,1,1,1,0,0,1,0,0
"Spanish",204,"tgm_sacdun",0,1,0,0,1,1,0,0,0,0,1,0
"Spanish",204,"tgm_sactoi",0,1,0,0,1,1,0,0,0,0,1,0
"Spanish",204,"tgt_cherou",1,1,0,0,1,1,0,0,0,1,1,0
"Spanish",204,"tgt_cherue",1,0,0,0,1,1,0,0,0,1,0,0
"Spanish",204,"trd_brocol",1,0,0,0,1,1,0,0,0,1,0,0
"Spanish",204,"trd_bronei",1,1,0,0,0,1,1,0,0,0,1,0
"Spanish",204,"tre_cadgro",1,0,0,0,1,1,1,0,0,0,0,0
"Spanish",204,"tre_cadmai",1,0,0,0,1,1,1,0,0,1,0,0
"Spanish",204,"trm_voidun",0,1,0,0,1,1,0,0,0,0,1,0
"Spanish",204,"trm_voitoi",0,0,0,0,1,1,0,0,0,0,0,0
"Spanish",204,"trt_pourou",1,0,0,0,1,1,0,0,0,1,0,0
"Spanish",204,"trt_pourue",1,0,0,0,1,1,0,0,0,1,0,0
"Spanish",302,"pgd_valcol",1,1,0,0,1,1,1,0,0,0,1,0
"Spanish",302,"pgd_valnei",1,1,0,0,1,1,1,0,0,0,1,0
"Spanish",302,"pge_tabgro",1,0,0,0,1,1,1,0,0,0,0,0
"Spanish",302,"pge_tabmai",1,1,0,0,1,1,1,0,0,0,1,0
"Spanish",302,"pgm_paqdun",1,1,0,0,1,1,1,0,0,0,1,0
"Spanish",302,"pgm_paqtoi",1,1,0,0,1,1,1,0,0,0,1,0
"Spanish",302,"pgt_panrou",1,0,0,1,1,1,1,0,0,0,0,0
"Spanish",302,"pgt_panrue",1,0,0,1,1,1,0,0,0,1,0,0
"Spanish",302,"prd_balcol",1,0,1,0,1,1,1,0,0,0,0,1
"Spanish",302,"prd_balnei",1,1,0,0,1,1,1,0,0,0,1,0
"Spanish",302,"pre_pnegro",1,0,1,0,1,1,1,0,0,1,0,1
"Spanish",302,"pre_pnemai",1,0,1,0,1,1,1,0,0,0,0,1
"Spanish",302,"prm_boudun",1,0,1,0,1,1,1,0,0,0,0,1
"Spanish",302,"prm_boutoi",1,0,1,0,1,1,1,0,0,0,0,1
"Spanish",302,"prt_rourou",1,0,1,1,1,1,1,0,0,0,0,1
"Spanish",302,"prt_rourue",1,0,1,1,1,1,0,0,1,1,0,0
"Spanish",302,"tgd_malcol",1,1,0,0,1,1,1,0,0,0,1,0
"Spanish",302,"tgd_malnei",1,1,0,0,1,1,1,0,0,0,1,0
"Spanish",302,"tge_chagro",1,1,0,0,1,1,1,0,0,1,1,0
"Spanish",302,"tge_chamai",1,1,0,0,1,1,1,0,0,0,1,0
"Spanish",302,"tgm_sacdun",1,1,0,0,1,1,1,0,0,0,1,0
"Spanish",302,"tgm_sactoi",1,0,0,0,1,1,1,0,0,1,0,0
"Spanish",302,"tgt_cherou",1,1,0,1,1,1,1,0,0,0,1,0
"Spanish",302,"tgt_cherue",1,1,0,1,1,1,1,0,0,0,1,0
"Spanish",302,"trd_brocol",1,0,0,0,1,1,1,0,0,0,0,0
"Spanish",302,"trd_bronei",1,1,0,0,1,1,1,0,0,0,1,0
"Spanish",302,"tre_cadgro",1,1,0,0,1,1,1,0,0,1,1,0
"Spanish",302,"tre_cadmai",1,0,0,0,1,1,1,0,0,0,0,0
"Spanish",302,"trm_voidun",1,1,0,0,1,1,1,0,0,0,1,0
"Spanish",302,"trm_voitoi",1,1,0,0,1,1,1,0,0,0,1,0
"Spanish",302,"trt_pourou",1,1,0,1,1,1,1,0,0,0,1,0
"Spanish",302,"trt_pourue",1,1,0,1,1,1,1,0,0,0,1,0
"Spanish",303,"pgd_valcol",1,1,0,0,1,1,0,1,0,1,0,0
"Spanish",303,"pgd_valnei",0,1,0,0,0,1,0,1,0,0,0,0
"Spanish",303,"pge_tabgro",1,0,0,0,1,1,0,0,0,1,0,0
"Spanish",303,"pge_tabmai",1,1,0,0,1,1,0,1,0,1,0,0
"Spanish",303,"pgm_paqdun",1,1,0,0,1,1,0,1,0,1,0,0
"Spanish",303,"pgm_paqtoi",1,1,0,0,1,1,0,1,0,1,0,0
"Spanish",303,"pgt_panrou",1,1,0,0,1,1,0,1,0,1,0,0
"Spanish",303,"pgt_panrue",1,0,0,0,1,1,0,0,0,1,0,0
"Spanish",303,"prd_balcol",1,0,1,0,1,1,0,0,0,1,0,1
"Spanish",303,"prd_balnei",1,0,1,0,1,1,0,0,0,1,0,1
"Spanish",303,"pre_pnegro",1,0,1,0,1,1,0,0,1,1,0,0
"Spanish",303,"pre_pnemai",1,1,1,0,1,1,0,1,1,1,0,0
"Spanish",303,"prm_boudun",1,0,1,0,1,1,0,0,0,1,0,1
"Spanish",303,"prm_boutoi",1,1,1,0,0,1,1,0,1,0,1,0
"Spanish",303,"prt_rourou",1,0,1,0,1,1,0,0,1,1,0,0
"Spanish",303,"prt_rourue",1,0,1,0,0,1,1,0,0,0,0,1
"Spanish",303,"tgd_malcol",1,1,0,0,1,1,0,1,0,1,0,0
"Spanish",303,"tgd_malnei",1,1,0,0,1,1,0,1,0,1,0,0
"Spanish",303,"tge_chagro",1,1,0,0,1,1,0,1,0,1,0,0
"Spanish",303,"tge_chamai",1,0,0,0,1,1,0,0,0,1,0,0
"Spanish",303,"tgm_sacdun",1,1,0,0,1,1,0,1,0,1,0,0
"Spanish",303,"tgm_sactoi",1,1,0,0,1,1,0,1,0,1,0,0
"Spanish",303,"tgt_cherou",1,1,0,0,1,1,0,1,0,1,0,0
"Spanish",303,"tgt_cherue",1,1,0,0,1,1,0,1,0,1,0,0
"Spanish",303,"trd_brocol",1,1,0,0,1,1,1,0,0,0,1,0
"Spanish",303,"trd_bronei",1,0,0,0,1,1,0,0,0,1,0,0
"Spanish",303,"tre_cadgro",1,1,0,0,1,1,0,1,0,1,0,0
"Spanish",303,"tre_cadmai",1,1,0,0,1,1,0,1,0,1,0,0
"Spanish",303,"trm_voidun",1,1,1,0,1,1,0,1,1,1,0,0
"Spanish",303,"trm_voitoi",0,1,1,0,1,1,0,1,1,0,0,0
"Spanish",303,"trt_pourou",1,0,0,0,1,1,0,0,0,1,0,0
"Spanish",303,"trt_pourue",1,0,0,0,1,1,0,0,0,1,0,0
"Spanish",304,"pgd_valcol",1,1,0,0,1,1,1,0,0,0,1,0
"Spanish",304,"pgd_valnei",1,1,0,0,1,1,1,0,0,0,1,0
"Spanish",304,"pge_tabgro",1,1,0,0,1,1,1,0,0,0,1,0
"Spanish",304,"pge_tabmai",1,1,0,0,1,1,1,0,0,0,1,0
"Spanish",304,"pgm_paqdun",1,1,0,0,1,1,1,0,0,0,1,0
"Spanish",304,"pgm_paqtoi",1,1,0,0,1,1,0,1,0,1,0,0
"Spanish",304,"pgt_panrou",1,1,0,0,1,1,1,0,0,0,1,0
"Spanish",304,"pgt_panrue",1,1,0,0,1,1,1,0,0,0,1,0
"Spanish",304,"prd_balcol",1,1,0,0,1,1,1,0,0,0,1,0
"Spanish",304,"prd_balnei",1,1,0,0,1,1,1,0,0,0,1,0
"Spanish",304,"pre_pnegro",1,1,1,0,1,1,0,1,0,1,0,1
"Spanish",304,"pre_pnemai",1,0,1,0,1,1,1,0,0,0,0,1
"Spanish",304,"prm_boudun",1,0,1,0,1,1,1,0,0,0,0,1
"Spanish",304,"prm_boutoi",1,0,1,0,1,1,1,0,0,0,0,1
"Spanish",304,"prt_rourou",1,0,1,0,1,1,1,0,0,0,0,1
"Spanish",304,"prt_rourue",1,0,1,0,1,1,1,0,0,0,0,1
"Spanish",304,"tgd_malcol",1,1,0,0,1,1,1,0,0,0,1,0
"Spanish",304,"tgd_malnei",1,1,0,0,1,1,1,0,0,0,1,0
"Spanish",304,"tge_chagro",1,1,0,0,1,1,0,1,0,1,1,0
"Spanish",304,"tge_chamai",1,1,0,0,1,1,1,0,0,0,1,0
"Spanish",304,"tgm_sacdun",1,1,0,0,1,1,1,0,0,0,1,0
"Spanish",304,"tgm_sactoi",1,1,0,0,1,1,1,0,0,0,1,0
"Spanish",304,"tgt_cherou",1,1,0,0,1,1,1,0,0,0,1,0
"Spanish",304,"tgt_cherue",1,1,0,0,1,1,1,0,0,0,1,0
"Spanish",304,"trd_brocol",1,1,0,0,1,1,1,0,0,0,1,0
"Spanish",304,"trd_bronei",1,1,0,0,1,1,1,0,0,0,1,0
"Spanish",304,"tre_cadgro",1,1,0,0,1,1,1,0,0,0,1,0
"Spanish",304,"tre_cadmai",1,1,0,0,1,1,1,0,0,0,1,0
"Spanish",304,"trm_voidun",1,1,0,0,1,1,1,0,0,0,1,0
"Spanish",304,"trm_voitoi",1,1,0,0,1,1,1,0,0,0,1,0
"Spanish",304,"trt_pourou",1,1,0,0,1,1,1,0,0,0,1,0
"Spanish",304,"trt_pourue",1,1,0,0,1,1,0,1,0,1,1,0
"Spanish",305,"pgd_valcol",1,1,0,0,1,1,1,0,0,0,1,0
"Spanish",305,"pgd_valnei",1,1,0,0,1,1,1,0,0,0,1,0
"Spanish",305,"pge_tabgro",1,1,0,0,1,1,1,0,0,1,1,0
"Spanish",305,"pge_tabmai",1,0,0,0,1,1,1,0,0,0,0,0
"Spanish",305,"pgm_paqdun",1,0,0,0,1,1,1,0,0,0,0,0
"Spanish",305,"pgm_paqtoi",1,1,0,0,1,1,0,1,0,1,0,0
"Spanish",305,"pgt_panrou",1,1,0,0,1,1,1,0,0,0,1,0
"Spanish",305,"pgt_panrue",1,1,0,0,1,1,1,1,0,0,0,0
"Spanish",305,"prd_balcol",1,1,0,0,1,1,1,0,0,0,1,0
"Spanish",305,"prd_balnei",1,1,0,0,1,1,1,0,0,0,1,0
"Spanish",305,"pre_pnegro",1,1,0,0,1,1,0,1,0,1,0,0
"Spanish",305,"pre_pnemai",1,0,1,0,1,1,1,0,0,0,0,1
"Spanish",305,"prm_boudun",0,1,0,0,1,1,0,1,0,0,0,0
"Spanish",305,"prm_boutoi",1,0,1,0,1,1,1,0,0,0,0,1
"Spanish",305,"prt_rourou",1,1,0,0,1,1,1,0,0,0,1,0
"Spanish",305,"prt_rourue",1,0,0,0,1,1,0,0,0,1,0,0
"Spanish",305,"tgd_malcol",1,1,0,0,1,1,1,0,0,0,1,0
"Spanish",305,"tgd_malnei",1,1,0,0,1,1,1,0,0,0,1,0
"Spanish",305,"tge_chagro",1,0,0,0,1,1,1,0,0,1,0,0
"Spanish",305,"tge_chamai",1,0,0,0,1,1,1,0,0,1,0,0
"Spanish",305,"tgm_sacdun",0,1,0,0,1,1,0,1,0,0,0,0
"Spanish",305,"tgm_sactoi",1,0,0,0,1,1,1,0,0,1,0,0
"Spanish",305,"tgt_cherou",1,1,0,0,1,1,1,0,0,0,1,0
"Spanish",305,"tgt_cherue",1,1,0,0,1,1,1,0,0,0,1,0
"Spanish",305,"trd_brocol",1,1,0,0,1,1,1,0,0,0,1,0
"Spanish",305,"trd_bronei",1,1,0,0,1,1,0,1,0,1,0,0
"Spanish",305,"tre_cadgro",1,1,0,0,1,1,0,1,0,1,0,0
"Spanish",305,"tre_cadmai",1,0,0,0,1,1,1,0,0,0,0,0
"Spanish",305,"trm_voidun",1,1,0,0,1,1,1,0,0,0,1,0
"Spanish",305,"trm_voitoi",1,1,0,0,1,1,0,1,0,1,0,0
"Spanish",305,"trt_pourou",1,1,0,0,1,1,1,0,0,0,1,0
"Spanish",305,"trt_pourue",1,1,0,0,1,1,1,0,0,0,1,0
"Spanish",306,"pgd_valcol",1,0,0,0,1,1,1,0,0,0,0,0
"Spanish",306,"pgd_valnei",1,1,0,0,1,1,1,0,0,0,1,0
"Spanish",306,"pge_tabgro",1,0,0,0,1,1,1,0,0,0,0,0
"Spanish",306,"pge_tabmai",1,0,0,0,0,1,1,0,0,0,0,0
"Spanish",306,"pgm_paqdun",1,0,0,0,1,1,1,0,0,0,0,0
"Spanish",306,"pgm_paqtoi",1,0,0,0,1,1,1,0,0,0,0,0
"Spanish",306,"pgt_panrou",1,0,0,0,1,1,1,0,0,0,0,0
"Spanish",306,"pgt_panrue",1,0,0,0,1,1,1,0,0,0,0,0
"Spanish",306,"prd_balcol",1,1,0,0,1,1,1,0,0,0,1,0
"Spanish",306,"prd_balnei",1,0,1,0,1,1,1,0,0,0,0,1
"Spanish",306,"pre_pnegro",1,1,0,0,1,1,0,1,0,1,0,0
"Spanish",306,"pre_pnemai",1,1,0,0,0,1,1,0,0,0,1,0
"Spanish",306,"prm_boudun",1,1,0,0,1,1,1,0,0,0,1,0
"Spanish",306,"prm_boutoi",1,0,1,0,1,1,1,0,0,0,0,1
"Spanish",306,"prt_rourou",1,0,0,0,1,1,1,0,0,0,0,0
"Spanish",306,"prt_rourue",1,0,0,0,1,1,1,0,0,0,0,0
"Spanish",306,"tgd_malcol",1,0,0,0,1,1,1,0,0,0,0,0
"Spanish",306,"tgd_malnei",1,0,0,0,1,1,1,0,0,0,0,0
"Spanish",306,"tge_chagro",1,1,0,0,1,1,0,1,0,1,0,0
"Spanish",306,"tge_chamai",1,0,0,0,1,1,1,0,0,0,0,0
"Spanish",306,"tgm_sacdun",1,0,0,0,1,1,1,0,0,0,0,0
"Spanish",306,"tgm_sactoi",1,0,0,0,1,1,1,0,0,0,0,0
"Spanish",306,"tgt_cherou",1,1,0,0,1,1,1,0,0,0,1,0
"Spanish",306,"tgt_cherue",1,1,0,0,1,1,1,0,0,0,1,0
"Spanish",306,"trd_brocol",1,1,0,0,1,1,1,0,0,0,1,0
"Spanish",306,"trd_bronei",1,1,0,0,1,1,1,0,0,0,1,0
"Spanish",306,"tre_cadgro",1,0,0,0,1,1,1,0,0,0,0,0
"Spanish",306,"tre_cadmai",1,0,0,0,1,1,1,0,0,0,0,0
"Spanish",306,"trm_voidun",1,1,0,0,1,1,1,0,0,0,1,0
"Spanish",306,"trm_voitoi",1,0,0,0,1,1,1,0,0,0,0,0
"Spanish",306,"trt_pourou",1,0,0,0,1,1,1,0,0,0,0,0
"Spanish",306,"trt_pourue",1,1,0,0,1,1,1,0,0,0,1,0
"Spanish",401,"pgd_valcol",1,0,0,0,1,1,0,0,0,1,0,0
"Spanish",401,"pgd_valnei",0,0,0,0,1,1,0,0,0,0,0,0
"Spanish",401,"pge_tabgro",1,1,0,0,1,1,0,1,0,1,0,0
"Spanish",401,"pge_tabmai",1,1,0,0,1,1,0,1,0,1,0,0
"Spanish",401,"pgm_paqdun",1,0,0,0,1,1,1,0,0,0,0,0
"Spanish",401,"pgm_paqtoi",0,0,0,0,1,1,0,0,0,0,0,0
"Spanish",401,"pgt_panrou",1,0,0,0,1,1,1,0,0,1,0,0
"Spanish",401,"pgt_panrue",1,0,0,0,1,1,0,0,0,1,0,0
"Spanish",401,"prd_balcol",1,0,0,0,1,1,0,0,0,1,0,0
"Spanish",401,"prd_balnei",1,0,0,0,1,1,1,0,0,1,0,0
"Spanish",401,"pre_pnegro",1,0,0,0,1,1,0,0,0,1,0,0
"Spanish",401,"pre_pnemai",1,0,0,0,1,1,0,0,0,1,0,0
"Spanish",401,"prm_boudun",1,0,0,0,1,1,1,0,0,1,0,0
"Spanish",401,"prm_boutoi",0,0,0,0,1,1,0,0,0,0,0,0
"Spanish",401,"prt_rourou",1,0,0,0,1,1,1,0,0,1,0,0
"Spanish",401,"prt_rourue",1,0,0,0,1,1,0,0,0,1,0,0
"Spanish",401,"tgd_malcol",1,0,0,0,1,1,0,0,0,1,0,0
"Spanish",401,"tgd_malnei",0,1,0,0,1,1,0,1,0,0,0,0
"Spanish",401,"tge_chagro",1,0,0,0,1,1,0,0,0,1,0,0
"Spanish",401,"tge_chamai",1,0,0,0,1,1,1,0,0,0,0,0
"Spanish",401,"tgm_sacdun",1,0,0,0,1,1,1,0,0,0,0,0
"Spanish",401,"tgm_sactoi",0,1,0,0,1,1,0,0,0,0,1,0
"Spanish",401,"tgt_cherou",1,0,0,0,1,1,1,0,0,0,0,0
"Spanish",401,"tgt_cherue",1,0,0,0,1,1,0,0,0,1,0,0
"Spanish",401,"trd_brocol",1,0,0,0,1,1,0,0,0,1,0,0
"Spanish",401,"trd_bronei",1,0,0,0,1,1,1,0,0,0,0,0
"Spanish",401,"tre_cadgro",1,0,0,0,1,1,0,0,0,1,0,0
"Spanish",401,"tre_cadmai",1,0,0,0,1,1,1,0,0,0,0,0
"Spanish",401,"trm_voidun",1,0,0,0,1,1,1,0,0,0,0,0
"Spanish",401,"trm_voitoi",0,0,0,0,1,1,0,0,0,0,0,0
"Spanish",401,"trt_pourou",1,0,0,0,1,1,1,0,0,0,0,0
"Spanish",401,"trt_pourue",1,0,0,0,1,1,0,0,0,1,0,0
"Spanish",402,"pgd_valcol",1,0,0,0,1,1,1,0,0,0,0,0
"Spanish",402,"pgd_valnei",1,0,0,0,1,1,1,0,0,0,0,0
"Spanish",402,"pge_tabgro",1,1,0,0,1,1,1,0,0,0,1,0
"Spanish",402,"pge_tabmai",1,0,0,0,1,1,1,0,0,0,0,0
"Spanish",402,"pgm_paqdun",1,1,0,0,1,1,1,0,0,0,1,0
"Spanish",402,"pgm_paqtoi",1,1,0,0,1,1,1,0,0,0,1,0
"Spanish",402,"pgt_panrou",1,1,0,0,1,1,1,0,0,0,1,0
"Spanish",402,"pgt_panrue",1,1,0,0,1,1,0,1,0,1,0,0
"Spanish",402,"prd_balcol",1,0,1,0,1,1,1,0,0,0,0,1
"Spanish",402,"prd_balnei",1,0,1,0,1,1,1,0,0,0,0,1
"Spanish",402,"pre_pnegro",1,0,0,0,1,1,1,0,0,0,0,0
"Spanish",402,"pre_pnemai",1,0,0,0,1,1,1,0,0,0,0,0
"Spanish",402,"prm_boudun",1,0,1,0,1,1,1,0,0,0,0,1
"Spanish",402,"prm_boutoi",1,0,0,0,1,1,1,0,0,0,0,0
"Spanish",402,"prt_rourou",1,0,1,0,1,1,1,0,0,0,0,1
"Spanish",402,"prt_rourue",1,0,0,0,1,1,1,0,0,0,0,0
"Spanish",402,"tgd_malcol",1,0,0,0,1,1,1,0,0,0,0,0
"Spanish",402,"tgd_malnei",1,0,0,0,1,1,1,0,0,0,0,0
"Spanish",402,"tge_chagro",1,0,0,0,1,1,1,0,0,0,0,0
"Spanish",402,"tge_chamai",1,0,0,0,1,1,1,0,0,0,0,0
"Spanish",402,"tgm_sacdun",1,1,0,0,1,1,1,0,0,0,1,0
"Spanish",402,"tgm_sactoi",1,0,0,0,1,1,1,0,0,0,0,0
"Spanish",402,"tgt_cherou",1,1,0,0,1,1,1,0,0,0,1,0
"Spanish",402,"tgt_cherue",1,0,0,0,1,1,1,0,0,0,0,0
"Spanish",402,"trd_brocol",1,0,0,0,1,1,1,0,0,0,0,0
"Spanish",402,"trd_bronei",1,0,0,0,1,1,1,0,0,0,0,0
"Spanish",402,"tre_cadgro",1,0,0,0,1,1,1,0,0,0,0,0
"Spanish",402,"tre_cadmai",1,0,0,0,1,1,1,0,0,0,0,0
"Spanish",402,"trm_voidun",1,0,0,0,1,1,1,0,0,0,0,0
"Spanish",402,"trm_voitoi",1,0,0,0,1,1,1,0,0,0,0,0
"Spanish",402,"trt_pourou",1,0,0,0,1,1,1,0,0,0,0,0
"Spanish",402,"trt_pourue",1,0,0,0,1,1,1,0,0,0,0,0
"Spanish",403,"pgd_valcol",1,0,0,0,1,1,1,0,0,0,0,0
"Spanish",403,"pgd_valnei",1,1,0,0,1,1,1,0,0,0,1,0
"Spanish",403,"pge_tabgro",1,0,0,0,1,1,1,0,0,0,0,0
"Spanish",403,"pge_tabmai",1,0,0,0,1,1,1,0,0,0,0,0
"Spanish",403,"pgm_paqdun",1,1,0,0,1,1,0,1,0,1,0,0
"Spanish",403,"pgm_paqtoi",1,1,0,0,1,1,0,1,0,1,0,0
"Spanish",403,"pgt_panrou",1,1,0,0,1,1,0,1,0,1,0,0
"Spanish",403,"pgt_panrue",1,0,0,0,1,1,1,0,0,0,0,0
"Spanish",403,"prd_balcol",1,1,0,0,1,1,1,1,0,0,0,0
"Spanish",403,"prd_balnei",1,1,0,0,1,1,0,1,0,1,0,0
"Spanish",403,"pre_pnegro",1,0,0,0,1,1,1,0,0,0,0,0
"Spanish",403,"pre_pnemai",1,0,0,0,1,1,1,0,0,0,0,0
"Spanish",403,"prm_boudun",0,1,0,0,1,1,0,1,0,0,0,0
"Spanish",403,"prm_boutoi",1,1,0,0,1,1,0,1,0,1,0,0
"Spanish",403,"prt_rourou",1,1,0,0,1,1,0,1,0,1,0,0
"Spanish",403,"prt_rourue",1,0,0,0,0,1,1,0,0,1,0,0
"Spanish",403,"tgd_malcol",1,1,0,0,1,1,1,0,0,0,1,0
"Spanish",403,"tgd_malnei",1,1,0,0,1,1,1,0,0,0,1,0
"Spanish",403,"tge_chagro",1,1,0,0,1,1,1,1,0,0,0,0
"Spanish",403,"tge_chamai",1,1,0,0,0,1,1,1,0,0,0,0
"Spanish",403,"tgm_sacdun",1,1,0,0,0,1,1,0,0,0,1,0
"Spanish",403,"tgm_sactoi",1,1,0,0,1,1,1,0,0,0,1,0
"Spanish",403,"tgt_cherou",1,1,0,0,1,1,1,1,0,0,0,0
"Spanish",403,"tgt_cherue",1,0,0,1,1,1,1,0,0,0,0,0
"Spanish",403,"trd_brocol",1,0,0,0,1,1,1,0,0,0,0,0
"Spanish",403,"trd_bronei",1,1,0,0,1,1,1,0,0,0,1,0
"Spanish",403,"tre_cadgro",1,0,0,0,1,1,1,0,0,0,0,0
"Spanish",403,"tre_cadmai",1,1,0,0,1,1,1,0,0,0,1,0
"Spanish",403,"trm_voidun",1,1,0,0,1,1,0,1,0,1,0,0
"Spanish",403,"trm_voitoi",1,1,0,0,1,1,1,0,0,0,1,0
"Spanish",403,"trt_pourou",1,0,0,0,1,1,1,0,0,0,0,0
"Spanish",403,"trt_pourue",1,1,0,0,1,1,0,1,0,1,0,0
"Swedish",1001,"pgd_valcol",1,1,0,0,1,1,0,1,0,1,0,0
"Swedish",1001,"pgd_valnei",1,1,0,0,1,1,0,1,0,1,0,0
"Swedish",1001,"pge_tabgro",1,1,0,0,1,1,0,1,0,1,1,0
"Swedish",1001,"pge_tabmai",1,1,0,0,1,1,0,1,0,1,0,0
"Swedish",1001,"pgm_paqdun",1,1,0,0,1,1,0,1,0,1,0,0
"Swedish",1001,"pgm_paqtoi",1,1,0,0,1,1,0,1,0,1,0,0
"Swedish",1001,"pgt_panrou",1,1,0,0,1,1,0,1,0,1,0,0
"Swedish",1001,"pgt_panrue",1,1,0,0,1,1,0,1,0,1,0,0
"Swedish",1001,"prd_balcol",1,0,1,0,1,1,0,0,1,1,0,0
"Swedish",1001,"prd_balnei",1,0,1,0,1,1,0,0,1,1,0,0
"Swedish",1001,"pre_pnegro",1,0,1,0,1,1,0,0,1,1,0,0
"Swedish",1001,"pre_pnemai",1,0,1,0,1,1,0,0,1,1,0,0
"Swedish",1001,"prm_boudun",1,0,1,0,1,1,0,0,1,1,0,0
"Swedish",1001,"prm_boutoi",1,0,1,0,1,1,0,0,1,1,0,0
"Swedish",1001,"prt_rourou",1,0,1,0,1,1,0,0,1,1,0,0
"Swedish",1001,"prt_rourue",1,0,1,0,1,1,0,0,1,1,0,0
"Swedish",1001,"tgd_malcol",1,1,0,0,1,1,0,1,0,1,0,0
"Swedish",1001,"tgd_malnei",1,1,0,0,1,1,0,1,0,1,0,0
"Swedish",1001,"tge_chagro",1,1,0,0,1,1,0,1,0,1,0,0
"Swedish",1001,"tge_chamai",1,1,0,0,1,1,0,1,0,1,0,0
"Swedish",1001,"tgm_sacdun",1,1,0,0,1,1,0,1,0,1,0,0
"Swedish",1001,"tgm_sactoi",1,1,0,0,1,1,0,1,0,1,0,0
"Swedish",1001,"tgt_cherou",1,1,0,0,1,1,0,1,0,1,0,0
"Swedish",1001,"tgt_cherue",1,1,0,0,1,1,0,1,0,1,0,0
"Swedish",1001,"trd_brocol",1,1,0,0,1,1,0,1,0,1,0,0
"Swedish",1001,"trd_bronei",1,1,0,0,1,1,0,1,0,1,0,0
"Swedish",1001,"tre_cadgro",1,1,0,0,1,1,0,1,0,1,0,0
"Swedish",1001,"tre_cadmai",1,1,0,0,1,1,0,1,0,1,0,0
"Swedish",1001,"trm_voidun",1,1,0,0,1,1,0,1,0,1,0,0
"Swedish",1001,"trm_voitoi",1,1,0,0,1,1,0,1,0,1,0,0
"Swedish",1001,"trt_pourou",1,1,0,0,1,1,0,1,0,1,0,0
"Swedish",1001,"trt_pourue",1,1,0,0,1,1,0,1,0,1,0,0
"Swedish",1004,"pgd_valcol",1,1,0,0,1,1,0,1,0,1,0,0
"Swedish",1004,"pgd_valnei",1,1,0,1,1,1,0,1,0,1,0,0
"Swedish",1004,"pge_tabgro",1,1,0,0,1,1,0,1,0,1,0,0
"Swedish",1004,"pge_tabmai",1,1,0,1,1,1,0,1,0,1,0,0
"Swedish",1004,"pgm_paqdun",1,1,0,0,1,1,0,1,0,1,0,0
"Swedish",1004,"pgm_paqtoi",1,1,0,0,1,1,0,1,0,1,0,0
"Swedish",1004,"pgt_panrou",1,1,0,1,1,1,0,1,0,1,0,0
"Swedish",1004,"pgt_panrue",1,1,0,0,1,1,0,1,0,1,0,0
"Swedish",1004,"prd_balcol",1,0,1,0,1,1,0,0,1,1,0,0
"Swedish",1004,"prd_balnei",1,0,1,0,1,1,0,0,1,1,0,0
"Swedish",1004,"pre_pnegro",1,0,1,0,1,1,0,0,1,1,0,0
"Swedish",1004,"pre_pnemai",1,0,1,1,1,1,0,0,1,1,0,0
"Swedish",1004,"prm_boudun",1,0,1,1,1,1,0,0,1,1,0,0
"Swedish",1004,"prm_boutoi",1,0,1,0,1,1,0,0,1,1,0,0
"Swedish",1004,"prt_rourou",1,0,1,1,1,1,0,0,1,1,0,0
"Swedish",1004,"prt_rourue",1,0,1,0,1,1,0,0,1,1,0,0
"Swedish",1004,"tgd_malcol",1,1,0,0,1,1,0,1,0,1,0,0
"Swedish",1004,"tgd_malnei",1,1,0,1,1,1,0,1,0,1,0,0
"Swedish",1004,"tge_chagro",1,1,0,0,1,1,0,1,0,1,0,0
"Swedish",1004,"tge_chamai",1,1,0,1,1,1,0,1,0,1,0,0
"Swedish",1004,"tgm_sacdun",1,1,0,1,1,1,0,1,0,1,0,0
"Swedish",1004,"tgm_sactoi",1,1,0,0,1,1,0,1,0,1,0,0
"Swedish",1004,"tgt_cherou",1,1,0,1,1,1,1,1,0,0,1,0
"Swedish",1004,"tgt_cherue",1,1,0,0,1,1,0,1,0,1,0,0
"Swedish",1004,"trd_brocol",1,1,0,0,1,1,0,1,0,1,1,0
"Swedish",1004,"trd_bronei",1,1,0,1,1,1,0,1,0,1,1,0
"Swedish",1004,"tre_cadgro",1,1,0,0,1,1,0,1,0,1,0,0
"Swedish",1004,"tre_cadmai",1,1,0,1,1,1,0,1,0,1,0,0
"Swedish",1004,"trm_voidun",1,1,0,1,1,1,0,1,0,1,0,0
"Swedish",1004,"trm_voitoi",1,1,0,0,1,1,0,1,0,1,0,0
"Swedish",1004,"trt_pourou",1,1,0,1,1,1,0,1,0,1,0,0
"Swedish",1004,"trt_pourue",1,1,0,0,1,1,0,1,0,1,0,0
"Swedish",1005,"pgd_valcol",1,1,0,0,1,1,0,1,0,1,0,0
"Swedish",1005,"pgd_valnei",1,1,0,0,1,1,0,1,0,1,0,0
"Swedish",1005,"pge_tabgro",1,1,0,0,1,1,0,1,0,1,0,0
"Swedish",1005,"pge_tabmai",1,1,0,0,1,1,0,1,0,1,0,0
"Swedish",1005,"pgm_paqdun",1,1,0,0,1,1,0,1,0,1,0,0
"Swedish",1005,"pgm_paqtoi",1,1,0,0,1,1,0,1,0,1,0,0
"Swedish",1005,"pgt_panrou",1,1,0,0,1,1,0,1,0,1,0,0
"Swedish",1005,"pgt_panrue",1,1,0,0,1,1,0,1,0,1,0,0
"Swedish",1005,"prd_balcol",1,0,1,0,1,1,0,0,1,1,0,0
"Swedish",1005,"prd_balnei",1,0,1,0,1,1,0,0,1,1,0,0
"Swedish",1005,"pre_pnegro",1,0,1,0,1,1,0,0,1,1,0,0
"Swedish",1005,"pre_pnemai",1,0,1,0,1,1,0,0,1,1,0,0
"Swedish",1005,"prm_boudun",1,0,1,0,1,1,0,0,1,1,0,0
"Swedish",1005,"prm_boutoi",1,1,0,0,1,1,0,1,0,1,0,0
"Swedish",1005,"prt_rourou",1,0,1,0,1,1,0,0,1,1,0,0
"Swedish",1005,"prt_rourue",1,0,1,0,1,1,0,0,1,1,0,0
"Swedish",1005,"tgd_malcol",1,1,0,0,1,1,0,1,0,1,0,0
"Swedish",1005,"tgd_malnei",1,1,0,0,1,1,0,1,0,1,0,0
"Swedish",1005,"tge_chagro",1,1,0,0,1,1,0,1,0,1,1,0
"Swedish",1005,"tge_chamai",1,1,0,0,1,1,0,1,0,1,0,0
"Swedish",1005,"tgm_sacdun",1,1,0,0,1,1,0,1,0,1,0,0
"Swedish",1005,"tgm_sactoi",1,1,0,0,1,1,0,1,0,1,0,0
"Swedish",1005,"tgt_cherou",1,1,0,0,1,1,0,1,0,1,0,0
"Swedish",1005,"tgt_cherue",1,1,0,0,1,1,0,1,0,1,0,0
"Swedish",1005,"trd_brocol",1,1,0,0,1,1,0,1,0,1,0,0
"Swedish",1005,"trd_bronei",1,1,0,0,1,1,0,1,0,1,0,0
"Swedish",1005,"tre_cadgro",1,1,0,0,1,1,0,1,0,1,0,0
"Swedish",1005,"tre_cadmai",1,1,0,0,1,1,0,1,0,1,0,0
"Swedish",1005,"trm_voidun",1,1,0,0,1,1,0,1,0,1,0,0
"Swedish",1005,"trm_voitoi",1,1,0,0,1,1,0,1,0,1,0,0
"Swedish",1005,"trt_pourou",1,1,0,0,1,1,0,1,0,1,0,0
"Swedish",1005,"trt_pourue",1,1,0,0,1,1,0,1,0,1,0,0
"Swedish",1006,"pgd_valcol",1,1,0,0,1,1,0,1,0,1,0,0
"Swedish",1006,"pgd_valnei",1,1,0,0,1,1,0,1,0,1,0,0
"Swedish",1006,"pge_tabgro",1,1,0,0,1,1,0,1,0,1,0,0
"Swedish",1006,"pge_tabmai",1,1,0,0,1,1,0,1,0,1,0,0
"Swedish",1006,"pgm_paqdun",1,1,0,0,1,1,0,1,0,1,0,0
"Swedish",1006,"pgm_paqtoi",1,1,0,0,1,1,0,1,0,1,0,0
"Swedish",1006,"pgt_panrou",1,1,0,0,1,1,0,1,0,1,0,0
"Swedish",1006,"pgt_panrue",1,1,0,0,1,1,0,1,0,1,0,0
"Swedish",1006,"prd_balcol",1,0,1,0,1,1,0,0,1,1,0,0
"Swedish",1006,"prd_balnei",1,0,1,0,1,1,0,0,1,1,0,0
"Swedish",1006,"pre_pnegro",1,0,1,0,1,1,0,0,1,1,0,0
"Swedish",1006,"pre_pnemai",1,0,1,0,1,1,0,0,1,1,0,0
"Swedish",1006,"prm_boudun",1,0,1,0,1,1,0,0,1,1,0,0
"Swedish",1006,"prm_boutoi",1,0,1,0,1,1,0,0,1,1,0,0
"Swedish",1006,"prt_rourou",1,0,1,0,1,1,0,0,1,1,0,0
"Swedish",1006,"prt_rourue",1,0,1,0,1,1,0,0,1,1,0,0
"Swedish",1006,"tgd_malcol",1,1,0,0,1,1,0,1,0,1,0,0
"Swedish",1006,"tgd_malnei",1,1,0,0,1,1,0,1,0,1,0,0
"Swedish",1006,"tge_chagro",1,1,1,0,1,1,0,1,1,1,0,0
"Swedish",1006,"tge_chamai",1,1,0,0,1,1,0,1,0,1,0,0
"Swedish",1006,"tgm_sacdun",1,1,0,0,1,1,0,1,0,1,0,0
"Swedish",1006,"tgm_sactoi",1,1,0,0,1,1,0,1,0,1,0,0
"Swedish",1006,"tgt_cherou",1,1,0,0,1,1,0,1,0,1,0,0
"Swedish",1006,"tgt_cherue",1,1,0,0,1,1,0,1,0,1,0,0
"Swedish",1006,"trd_brocol",1,1,0,0,1,1,0,1,0,1,0,0
"Swedish",1006,"trd_bronei",1,1,0,0,1,1,0,1,0,1,0,0
"Swedish",1006,"tre_cadgro",1,1,0,0,1,1,0,1,0,1,0,0
"Swedish",1006,"tre_cadmai",1,1,0,0,1,1,0,1,0,1,0,0
"Swedish",1006,"trm_voidun",1,1,0,0,1,1,0,1,0,1,0,0
"Swedish",1006,"trm_voitoi",1,1,0,0,1,1,0,1,0,1,0,0
"Swedish",1006,"trt_pourou",1,1,0,0,1,1,0,1,0,1,0,0
"Swedish",1006,"trt_pourue",1,1,0,0,1,1,0,1,0,1,0,0
"Swedish",1007,"pgd_valcol",1,1,0,0,1,1,0,1,0,1,0,0
"Swedish",1007,"pgd_valnei",1,1,0,0,1,1,0,1,0,1,0,0
"Swedish",1007,"pge_tabgro",1,1,0,0,0,1,0,1,0,1,0,0
"Swedish",1007,"pge_tabmai",1,1,0,0,0,1,0,1,0,1,0,0
"Swedish",1007,"pgm_paqdun",1,1,0,0,1,1,0,1,0,1,0,0
"Swedish",1007,"pgm_paqtoi",1,1,0,0,0,1,1,1,0,0,0,0
"Swedish",1007,"pgt_panrou",1,1,0,0,0,1,0,1,0,1,0,0
"Swedish",1007,"pgt_panrue",1,1,0,0,0,1,0,1,0,1,0,0
"Swedish",1007,"prd_balcol",1,1,0,0,1,1,0,1,0,1,0,0
"Swedish",1007,"prd_balnei",1,1,0,0,1,1,0,1,0,1,0,0
"Swedish",1007,"pre_pnegro",1,1,0,0,0,1,0,1,0,1,0,0
"Swedish",1007,"pre_pnemai",1,1,0,0,0,1,0,1,0,1,0,0
"Swedish",1007,"prm_boudun",1,1,0,0,1,1,0,1,0,1,0,0
"Swedish",1007,"prm_boutoi",1,1,0,0,1,1,0,1,0,1,0,0
"Swedish",1007,"prt_rourou",1,1,0,0,0,1,0,1,0,1,0,0
"Swedish",1007,"prt_rourue",1,1,0,0,0,1,0,1,0,1,0,0
"Swedish",1007,"tgd_malcol",1,1,0,0,1,1,0,1,0,1,0,0
"Swedish",1007,"tgd_malnei",1,1,0,0,1,1,0,1,0,1,0,0
"Swedish",1007,"tge_chagro",1,1,1,0,0,1,0,1,1,1,0,0
"Swedish",1007,"tge_chamai",0,1,1,0,0,1,0,1,1,0,1,0
"Swedish",1007,"tgm_sacdun",1,1,0,0,1,1,0,1,0,1,0,0
"Swedish",1007,"tgm_sactoi",1,1,1,0,1,1,0,1,1,1,0,0
"Swedish",1007,"tgt_cherou",0,1,0,0,0,1,0,1,0,0,1,0
"Swedish",1007,"tgt_cherue",1,1,0,0,0,1,0,1,0,1,0,0
"Swedish",1007,"trd_brocol",1,1,0,0,1,1,0,1,0,1,0,0
"Swedish",1007,"trd_bronei",1,1,0,0,1,1,0,1,0,1,1,0
"Swedish",1007,"tre_cadgro",0,1,0,0,0,1,0,1,0,0,1,0
"Swedish",1007,"tre_cadmai",1,1,0,0,0,1,0,1,0,1,0,0
"Swedish",1007,"trm_voidun",1,1,0,0,1,1,0,1,0,1,0,0
"Swedish",1007,"trm_voitoi",1,1,0,0,1,1,0,1,0,1,0,0
"Swedish",1007,"trt_pourou",0,1,0,0,0,1,0,1,0,0,1,0
"Swedish",1007,"trt_pourue",0,1,0,0,0,1,0,1,0,0,0,0
"Swedish",1008,"pgd_valcol",1,1,0,0,1,1,0,1,0,1,0,0
"Swedish",1008,"pgd_valnei",1,1,0,0,1,1,0,1,0,1,0,0
"Swedish",1008,"pge_tabgro",1,1,0,0,1,1,0,1,0,1,0,0
"Swedish",1008,"pge_tabmai",1,1,0,0,1,1,0,1,0,1,0,0
"Swedish",1008,"pgm_paqdun",1,1,0,0,1,1,0,1,0,1,0,0
"Swedish",1008,"pgm_paqtoi",1,1,0,0,1,1,0,1,0,1,0,0
"Swedish",1008,"pgt_panrou",1,1,0,0,1,1,0,1,0,1,0,0
"Swedish",1008,"pgt_panrue",1,1,0,0,1,1,0,1,0,1,0,0
"Swedish",1008,"prd_balcol",1,1,0,0,1,1,0,1,0,1,0,0
"Swedish",1008,"prd_balnei",1,0,1,0,1,1,0,0,1,1,0,0
"Swedish",1008,"pre_pnegro",1,0,1,0,1,1,0,0,1,1,0,0
"Swedish",1008,"pre_pnemai",1,0,1,0,1,1,0,0,1,1,0,0
"Swedish",1008,"prm_boudun",1,0,1,0,1,1,0,0,1,1,0,0
"Swedish",1008,"prm_boutoi",1,0,1,0,1,1,0,0,1,1,0,0
"Swedish",1008,"prt_rourou",1,0,1,0,1,1,0,0,1,1,0,0
"Swedish",1008,"prt_rourue",1,0,1,0,1,1,0,0,1,1,0,0
"Swedish",1008,"tgd_malcol",1,1,0,0,1,1,0,1,0,1,0,0
"Swedish",1008,"tgd_malnei",1,1,1,0,1,1,0,1,1,1,0,0
"Swedish",1008,"tge_chagro",1,1,1,0,1,1,0,1,1,1,0,0
"Swedish",1008,"tge_chamai",1,1,1,0,1,1,0,1,1,1,0,0
"Swedish",1008,"tgm_sacdun",1,1,1,0,1,1,0,1,1,1,0,0
"Swedish",1008,"tgm_sactoi",1,1,0,0,1,1,0,1,0,1,0,0
"Swedish",1008,"tgt_cherou",1,1,0,0,1,1,0,1,0,1,0,0
"Swedish",1008,"tgt_cherue",1,1,0,0,1,1,0,1,0,1,0,0
"Swedish",1008,"trd_brocol",1,1,0,0,1,1,0,1,0,1,0,0
"Swedish",1008,"trd_bronei",1,1,0,0,1,1,0,1,0,1,0,0
"Swedish",1008,"tre_cadgro",1,1,0,0,1,1,0,1,0,1,0,0
"Swedish",1008,"tre_cadmai",1,1,0,0,1,1,0,1,0,1,0,0
"Swedish",1008,"trm_voidun",1,1,0,0,1,1,0,1,0,1,0,0
"Swedish",1008,"trm_voitoi",1,1,0,0,1,1,0,1,0,1,0,0
"Swedish",1008,"trt_pourou",1,0,1,0,1,1,0,0,1,1,0,0
"Swedish",1008,"trt_pourue",1,1,0,0,1,1,0,1,0,1,0,0
"Swedish",1009,"pgd_valcol",1,1,0,0,1,1,0,1,0,1,0,0
"Swedish",1009,"pgd_valnei",1,1,0,0,1,1,0,1,0,1,0,0
"Swedish",1009,"pge_tabgro",1,1,0,0,1,1,0,1,0,1,0,0
"Swedish",1009,"pge_tabmai",1,1,0,0,1,1,0,1,0,1,0,0
"Swedish",1009,"pgm_paqdun",1,1,0,0,1,1,0,1,0,1,0,0
"Swedish",1009,"pgm_paqtoi",1,1,0,0,1,1,0,1,0,1,0,0
"Swedish",1009,"pgt_panrou",1,1,0,0,1,1,0,1,0,1,0,0
"Swedish",1009,"pgt_panrue",1,1,0,0,1,1,0,1,0,1,0,0
"Swedish",1009,"prd_balcol",1,0,1,0,1,1,0,0,1,1,0,0
"Swedish",1009,"prd_balnei",1,0,1,0,1,1,0,0,1,1,0,0
"Swedish",1009,"pre_pnegro",1,0,1,0,1,1,0,0,1,1,0,0
"Swedish",1009,"pre_pnemai",1,0,1,0,1,1,0,0,1,1,0,0
"Swedish",1009,"prm_boudun",1,0,1,0,0,1,0,0,1,1,0,0
"Swedish",1009,"prm_boutoi",1,0,1,0,1,1,0,0,1,1,0,0
"Swedish",1009,"prt_rourou",1,0,1,0,1,1,0,0,1,1,0,0
"Swedish",1009,"prt_rourue",1,0,1,0,1,1,0,0,1,1,0,0
"Swedish",1009,"tgd_malcol",1,1,0,0,1,1,0,1,0,1,0,0
"Swedish",1009,"tgd_malnei",1,1,0,0,1,1,0,1,0,1,0,0
"Swedish",1009,"tge_chagro",1,1,0,0,1,1,0,1,0,1,0,0
"Swedish",1009,"tge_chamai",1,1,0,0,1,1,0,1,0,1,0,0
"Swedish",1009,"tgm_sacdun",1,1,1,0,1,1,0,1,1,1,0,0
"Swedish",1009,"tgm_sactoi",1,1,0,0,1,1,0,1,0,1,0,0
"Swedish",1009,"tgt_cherou",1,1,0,0,1,1,0,1,0,1,0,0
"Swedish",1009,"tgt_cherue",1,1,0,0,1,1,0,1,0,1,0,0
"Swedish",1009,"trd_brocol",1,0,1,0,1,1,0,0,1,1,0,0
"Swedish",1009,"trd_bronei",1,1,0,0,1,1,0,1,0,1,0,0
"Swedish",1009,"tre_cadgro",1,1,0,0,1,1,0,1,0,1,0,0
"Swedish",1009,"tre_cadmai",1,0,1,0,1,1,0,0,1,1,0,0
"Swedish",1009,"trm_voidun",1,1,0,0,1,1,0,1,0,1,0,0
"Swedish",1009,"trm_voitoi",1,1,0,0,1,1,0,1,0,1,0,0
"Swedish",1009,"trt_pourou",1,1,0,0,1,1,0,1,0,1,0,0
"Swedish",1009,"trt_pourue",1,1,0,0,1,1,0,1,0,1,0,0
"Swedish",1010,"pgd_valcol",1,1,0,0,1,1,0,1,0,1,0,0
"Swedish",1010,"pgd_valnei",1,1,0,0,1,1,0,1,0,1,0,0
"Swedish",1010,"pge_tabgro",1,1,0,0,1,1,0,1,0,1,0,0
"Swedish",1010,"pge_tabmai",1,1,0,0,1,1,0,1,0,1,0,0
"Swedish",1010,"pgm_paqdun",1,1,0,0,1,1,0,1,0,1,0,0
"Swedish",1010,"pgm_paqtoi",1,1,0,0,1,1,0,1,0,1,0,0
"Swedish",1010,"pgt_panrou",1,1,0,0,1,1,0,1,0,1,0,0
"Swedish",1010,"pgt_panrue",1,1,0,0,1,1,0,1,0,1,0,0
"Swedish",1010,"prd_balcol",1,1,0,0,1,1,0,1,0,1,0,0
"Swedish",1010,"prd_balnei",1,1,0,0,1,1,0,1,0,1,0,0
"Swedish",1010,"pre_pnegro",1,1,0,0,1,1,0,1,0,1,0,0
"Swedish",1010,"pre_pnemai",1,1,0,0,1,1,0,1,0,1,0,0
"Swedish",1010,"prm_boudun",1,1,0,0,1,1,0,1,0,1,0,0
"Swedish",1010,"prm_boutoi",1,1,0,0,1,1,0,1,0,1,0,0
"Swedish",1010,"prt_rourou",1,1,0,0,1,1,0,1,0,1,0,0
"Swedish",1010,"prt_rourue",1,1,0,0,1,1,0,1,0,1,0,0
"Swedish",1010,"tgd_malcol",1,1,0,0,1,1,0,1,0,1,0,0
"Swedish",1010,"tgd_malnei",1,1,0,0,1,1,0,1,0,1,0,0
"Swedish",1010,"tge_chagro",1,1,0,0,1,1,0,1,0,1,0,0
"Swedish",1010,"tge_chamai",1,1,0,0,1,1,0,1,0,1,0,0
"Swedish",1010,"tgm_sacdun",1,1,0,0,1,1,0,1,0,1,0,0
"Swedish",1010,"tgm_sactoi",1,1,0,0,1,1,0,1,0,1,0,0
"Swedish",1010,"tgt_cherou",1,1,0,0,1,1,0,1,0,1,0,0
"Swedish",1010,"tgt_cherue",1,1,0,0,1,1,0,1,0,1,0,0
"Swedish",1010,"trd_brocol",1,1,0,0,1,1,0,1,0,1,0,0
"Swedish",1010,"trd_bronei",1,1,0,0,1,1,0,1,0,1,0,0
"Swedish",1010,"tre_cadgro",1,1,0,0,1,1,0,1,0,1,0,0
"Swedish",1010,"tre_cadmai",1,1,0,0,1,1,0,1,0,1,0,0
"Swedish",1010,"trm_voidun",1,1,0,0,1,1,0,1,0,1,0,0
"Swedish",1010,"trm_voitoi",1,1,0,0,1,1,0,1,0,1,0,0
"Swedish",1010,"trt_pourou",1,1,0,0,1,1,0,1,0,1,0,0
"Swedish",1010,"trt_pourue",1,1,0,0,1,1,0,1,0,1,0,0
"Swedish",1011,"pgd_valcol",1,1,0,0,1,0,0,1,0,1,1,0
"Swedish",1011,"pgd_valnei",1,1,0,0,1,1,0,1,0,1,1,0
"Swedish",1011,"pge_tabgro",1,1,0,0,1,1,0,1,0,1,1,0
"Swedish",1011,"pge_tabmai",1,1,0,0,1,1,0,1,0,1,0,0
"Swedish",1011,"pgm_paqdun",1,1,0,0,1,1,0,1,0,1,0,0
"Swedish",1011,"pgm_paqtoi",1,1,0,0,1,1,0,1,0,1,1,0
"Swedish",1011,"pgt_panrou",1,1,0,0,1,1,0,1,0,1,0,0
"Swedish",1011,"pgt_panrue",1,1,0,0,1,1,0,1,0,1,0,0
"Swedish",1011,"prd_balcol",1,1,1,0,1,1,0,0,1,1,1,0
"Swedish",1011,"prd_balnei",1,0,1,0,1,1,0,0,1,1,0,0
"Swedish",1011,"pre_pnegro",1,0,1,0,1,1,0,0,1,1,0,0
"Swedish",1011,"pre_pnemai",1,0,1,0,1,1,0,0,1,1,0,0
"Swedish",1011,"prm_boudun",1,0,1,0,1,1,0,0,1,1,0,0
"Swedish",1011,"prm_boutoi",1,0,1,0,1,1,0,0,1,1,0,0
"Swedish",1011,"prt_rourou",1,0,1,0,1,1,0,0,1,1,0,0
"Swedish",1011,"prt_rourue",1,0,1,0,1,1,0,0,1,1,0,0
"Swedish",1011,"tgd_malcol",1,1,0,0,1,1,0,1,0,1,0,0
"Swedish",1011,"tgd_malnei",1,1,0,0,1,1,0,1,0,1,0,0
"Swedish",1011,"tge_chagro",1,1,1,0,1,1,0,1,1,1,1,0
"Swedish",1011,"tge_chamai",1,1,1,0,1,1,0,1,1,1,1,0
"Swedish",1011,"tgm_sacdun",1,1,0,0,1,1,0,1,0,1,1,0
"Swedish",1011,"tgm_sactoi",1,1,1,0,1,1,0,1,1,1,0,0
"Swedish",1011,"tgt_cherou",1,1,0,0,1,1,0,1,0,1,0,0
"Swedish",1011,"tgt_cherue",1,1,0,0,1,1,0,1,0,1,0,0
"Swedish",1011,"trd_brocol",1,1,0,0,1,1,0,1,0,1,1,0
"Swedish",1011,"trd_bronei",1,1,0,0,1,1,0,1,0,1,1,0
"Swedish",1011,"tre_cadgro",1,1,0,0,1,1,0,1,0,1,1,0
"Swedish",1011,"tre_cadmai",1,1,0,0,1,1,0,1,0,1,1,0
"Swedish",1011,"trm_voidun",1,1,0,0,1,1,0,1,0,1,1,0
"Swedish",1011,"trm_voitoi",1,1,0,0,1,1,0,1,0,1,1,0
"Swedish",1011,"trt_pourou",1,1,0,0,1,1,0,1,0,1,1,0
"Swedish",1011,"trt_pourue",1,1,0,0,1,1,0,1,0,1,1,0
"Swedish",1012,"pgd_valcol",1,1,0,0,1,1,0,1,0,1,1,0
"Swedish",1012,"pgd_valnei",1,1,0,0,1,1,0,1,0,1,1,0
"Swedish",1012,"pge_tabgro",1,1,0,0,1,1,0,1,0,1,0,0
"Swedish",1012,"pge_tabmai",1,1,0,0,1,1,0,1,0,1,1,0
"Swedish",1012,"pgm_paqdun",1,1,0,0,1,1,0,1,0,1,1,0
"Swedish",1012,"pgm_paqtoi",1,1,0,0,1,1,0,1,0,1,1,0
"Swedish",1012,"pgt_panrou",1,1,0,0,1,1,0,1,0,1,1,0
"Swedish",1012,"pgt_panrue",1,1,0,0,1,1,0,1,0,1,1,0
"Swedish",1012,"prd_balcol",1,0,1,0,1,1,0,0,1,1,0,0
"Swedish",1012,"prd_balnei",1,1,0,0,1,1,0,1,0,1,1,0
"Swedish",1012,"pre_pnegro",1,1,1,0,1,1,0,0,1,1,1,0
"Swedish",1012,"pre_pnemai",1,1,0,0,1,1,0,1,0,1,1,0
"Swedish",1012,"prm_boudun",1,1,1,0,1,1,0,0,1,1,1,0
"Swedish",1012,"prm_boutoi",1,0,1,0,1,1,0,0,1,1,0,0
"Swedish",1012,"prt_rourou",1,0,1,0,1,1,0,0,1,1,0,0
"Swedish",1012,"prt_rourue",1,0,1,0,1,1,0,0,1,1,0,0
"Swedish",1012,"tgd_malcol",1,1,0,0,1,1,0,1,0,1,1,0
"Swedish",1012,"tgd_malnei",1,1,0,0,1,1,0,1,0,1,0,0
"Swedish",1012,"tge_chagro",1,1,0,0,1,1,0,1,0,1,1,0
"Swedish",1012,"tge_chamai",1,1,0,0,1,1,0,1,0,1,1,0
"Swedish",1012,"tgm_sacdun",1,1,0,0,1,1,0,1,0,1,0,0
"Swedish",1012,"tgm_sactoi",1,1,0,0,1,1,0,1,0,1,0,0
"Swedish",1012,"tgt_cherou",1,1,0,0,1,1,0,1,0,1,1,0
"Swedish",1012,"tgt_cherue",1,1,0,0,1,1,0,1,0,1,1,0
"Swedish",1012,"trd_brocol",1,1,0,0,1,1,0,1,0,1,1,0
"Swedish",1012,"trd_bronei",1,1,0,0,1,1,0,1,0,1,1,0
"Swedish",1012,"tre_cadgro",1,1,0,0,1,1,0,1,0,1,1,0
"Swedish",1012,"tre_cadmai",1,1,0,0,1,1,0,1,0,1,1,0
"Swedish",1012,"trm_voidun",1,1,0,0,1,1,0,1,0,1,1,0
"Swedish",1012,"trm_voitoi",1,1,0,0,1,1,0,1,0,1,1,0
"Swedish",1012,"trt_pourou",1,1,0,0,1,1,0,1,0,1,1,0
"Swedish",1012,"trt_pourue",1,1,0,0,1,1,0,1,0,1,1,0
"Swedish",1013,"pgd_valcol",1,1,0,0,1,1,0,1,0,1,0,0
"Swedish",1013,"pgd_valnei",1,1,0,0,1,1,0,1,0,1,0,0
"Swedish",1013,"pge_tabgro",1,1,0,0,1,1,0,1,0,1,0,0
"Swedish",1013,"pge_tabmai",1,1,0,0,1,1,0,1,0,1,0,0
"Swedish",1013,"pgm_paqdun",1,1,0,0,1,1,0,1,0,1,0,0
"Swedish",1013,"pgm_paqtoi",1,1,0,0,1,1,0,1,0,1,0,0
"Swedish",1013,"pgt_panrou",1,1,0,0,1,1,0,1,0,1,0,0
"Swedish",1013,"pgt_panrue",1,1,0,0,1,1,0,1,0,1,0,0
"Swedish",1013,"prd_balcol",1,0,1,0,1,1,0,0,1,1,0,0
"Swedish",1013,"prd_balnei",1,0,1,0,1,1,0,0,1,1,0,0
"Swedish",1013,"pre_pnegro",1,0,1,0,1,1,0,0,1,1,0,0
"Swedish",1013,"pre_pnemai",1,0,1,0,1,1,0,0,1,1,0,0
"Swedish",1013,"prm_boudun",1,0,1,0,1,1,0,0,1,1,0,0
"Swedish",1013,"prm_boutoi",1,0,1,0,1,1,0,0,1,1,0,0
"Swedish",1013,"prt_rourou",1,0,1,0,1,1,0,0,1,1,0,0
"Swedish",1013,"prt_rourue",1,0,1,0,1,1,0,0,1,1,0,0
"Swedish",1013,"tgd_malcol",1,1,0,0,1,1,0,1,0,1,0,0
"Swedish",1013,"tgd_malnei",1,1,0,0,1,1,0,1,0,1,0,0
"Swedish",1013,"tge_chagro",1,1,0,0,1,1,0,1,0,1,0,0
"Swedish",1013,"tge_chamai",1,1,1,0,1,1,0,1,1,1,0,0
"Swedish",1013,"tgm_sacdun",1,1,0,0,1,1,0,1,0,1,0,0
"Swedish",1013,"tgm_sactoi",1,1,0,0,1,1,0,1,0,1,0,0
"Swedish",1013,"tgt_cherou",1,1,0,0,1,1,0,1,0,1,0,0
"Swedish",1013,"tgt_cherue",1,1,0,0,1,1,0,1,0,1,0,0
"Swedish",1013,"trd_brocol",1,1,0,0,1,1,0,1,0,1,0,0
"Swedish",1013,"trd_bronei",1,1,0,0,1,1,0,1,0,1,0,0
"Swedish",1013,"tre_cadgro",1,1,0,0,1,1,0,1,0,1,0,0
"Swedish",1013,"tre_cadmai",1,1,0,0,1,1,0,1,0,1,0,0
"Swedish",1013,"trm_voidun",1,1,0,0,1,1,0,1,0,1,0,0
"Swedish",1013,"trm_voitoi",1,1,0,0,1,1,0,1,0,1,0,0
"Swedish",1013,"trt_pourou",1,1,0,0,1,1,0,1,0,1,0,0
"Swedish",1013,"trt_pourue",1,1,0,0,1,1,0,1,0,1,0,0
"Swedish",1014,"pgd_valcol",1,1,0,0,1,1,0,1,0,1,0,0
"Swedish",1014,"pgd_valnei",1,1,0,0,1,1,0,1,0,1,0,0
"Swedish",1014,"pge_tabgro",1,1,0,0,1,1,0,1,0,1,0,0
"Swedish",1014,"pge_tabmai",1,1,0,0,1,1,0,1,0,1,0,0
"Swedish",1014,"pgm_paqdun",1,1,0,0,1,1,0,1,0,1,0,0
"Swedish",1014,"pgm_paqtoi",1,1,0,0,1,1,0,1,0,1,0,0
"Swedish",1014,"pgt_panrou",1,1,0,0,1,1,0,1,0,1,0,0
"Swedish",1014,"pgt_panrue",1,1,0,0,1,1,0,1,0,1,0,0
"Swedish",1014,"prd_balcol",1,0,1,0,1,1,0,0,1,1,0,0
"Swedish",1014,"prd_balnei",1,0,1,0,1,1,0,0,1,1,0,0
"Swedish",1014,"pre_pnegro",1,0,1,0,1,1,0,0,1,1,0,0
"Swedish",1014,"pre_pnemai",1,0,1,0,1,1,0,0,1,1,0,0
"Swedish",1014,"prm_boudun",1,0,1,0,1,1,0,0,1,1,0,0
"Swedish",1014,"prm_boutoi",1,0,1,0,1,1,0,0,1,1,0,0
"Swedish",1014,"prt_rourou",1,0,1,0,1,1,0,0,1,1,0,0
"Swedish",1014,"prt_rourue",1,0,1,0,1,1,0,0,1,1,0,0
"Swedish",1014,"tgd_malcol",1,1,1,0,1,1,0,1,1,1,0,0
"Swedish",1014,"tgd_malnei",1,1,1,0,1,1,0,1,1,1,0,0
"Swedish",1014,"tge_chagro",1,1,0,0,1,1,0,1,0,1,0,0
"Swedish",1014,"tge_chamai",1,1,0,0,1,1,0,1,0,1,0,0
"Swedish",1014,"tgm_sacdun",1,1,1,0,1,1,0,1,1,1,0,0
"Swedish",1014,"tgm_sactoi",1,1,1,0,1,1,0,1,1,1,0,0
"Swedish",1014,"tgt_cherou",1,1,1,0,1,1,0,1,1,1,0,0
"Swedish",1014,"tgt_cherue",1,1,1,0,1,1,0,1,1,1,0,0
"Swedish",1014,"trd_brocol",1,1,0,0,1,1,0,1,0,1,0,0
"Swedish",1014,"trd_bronei",1,1,0,0,1,1,0,1,0,1,0,0
"Swedish",1014,"tre_cadgro",1,1,0,0,1,1,0,1,0,1,0,0
"Swedish",1014,"tre_cadmai",1,1,1,0,1,1,0,1,1,1,0,0
"Swedish",1014,"trm_voidun",1,1,1,0,1,1,0,1,1,1,0,0
"Swedish",1014,"trm_voitoi",1,1,1,0,1,1,0,1,1,1,0,0
"Swedish",1014,"trt_pourou",1,1,0,0,1,1,0,1,0,1,0,0
"Swedish",1014,"trt_pourue",1,1,0,0,1,1,0,1,0,1,0,0
"Swedish",1015,"pgd_valcol",1,1,0,0,1,1,0,1,0,1,0,0
"Swedish",1015,"pgd_valnei",1,1,0,0,1,1,0,1,0,1,0,0
"Swedish",1015,"pge_tabgro",1,1,0,0,1,1,0,1,0,1,1,0
"Swedish",1015,"pge_tabmai",1,1,0,0,1,1,0,1,0,1,1,0
"Swedish",1015,"pgm_paqdun",1,1,0,0,1,1,0,1,0,1,1,0
"Swedish",1015,"pgm_paqtoi",1,1,0,0,1,1,0,1,0,1,1,0
"Swedish",1015,"pgt_panrou",1,1,0,0,1,1,1,1,0,0,1,0
"Swedish",1015,"pgt_panrue",1,1,0,0,1,1,0,1,0,1,0,0
"Swedish",1015,"prd_balcol",1,0,1,0,1,1,0,0,1,1,0,0
"Swedish",1015,"prd_balnei",1,0,1,0,1,1,0,0,1,1,0,0
"Swedish",1015,"pre_pnegro",1,0,1,0,1,1,0,0,1,1,0,0
"Swedish",1015,"pre_pnemai",1,0,1,0,1,1,0,0,1,1,0,0
"Swedish",1015,"prm_boudun",1,0,1,0,1,1,0,0,1,1,0,0
"Swedish",1015,"prm_boutoi",1,0,1,0,1,1,0,0,1,1,0,0
"Swedish",1015,"prt_rourou",1,0,1,0,1,1,0,0,1,1,0,0
"Swedish",1015,"prt_rourue",1,0,1,0,1,1,0,0,1,1,0,0
"Swedish",1015,"tgd_malcol",1,1,1,0,1,1,0,1,1,1,0,0
"Swedish",1015,"tgd_malnei",1,1,0,0,1,1,0,1,0,1,0,0
"Swedish",1015,"tge_chagro",1,1,0,0,1,1,0,1,0,1,1,0
"Swedish",1015,"tge_chamai",1,1,0,0,1,1,0,1,0,1,1,0
"Swedish",1015,"tgm_sacdun",1,1,0,0,1,1,0,1,0,1,0,0
"Swedish",1015,"tgm_sactoi",1,1,0,0,1,1,0,1,0,1,0,0
"Swedish",1015,"tgt_cherou",1,1,0,0,1,1,0,1,0,1,0,0
"Swedish",1015,"tgt_cherue",1,1,0,0,1,1,0,1,0,1,0,0
"Swedish",1015,"trd_brocol",1,1,0,0,1,1,0,1,0,1,0,0
"Swedish",1015,"trd_bronei",1,1,0,0,1,1,0,1,0,1,0,0
"Swedish",1015,"tre_cadgro",1,1,0,0,1,1,0,1,0,1,0,0
"Swedish",1015,"tre_cadmai",1,1,0,0,1,1,0,1,0,1,0,0
"Swedish",1015,"trm_voidun",1,1,0,0,1,1,0,1,0,1,0,0
"Swedish",1015,"trm_voitoi",1,1,0,0,1,1,0,1,0,1,0,0
"Swedish",1015,"trt_pourou",1,1,0,0,1,1,0,1,0,1,1,0
"Swedish",1015,"trt_pourue",1,1,0,0,1,1,0,1,0,1,0,0
"Swedish",1016,"pgd_valcol",1,1,0,0,1,1,0,1,0,1,0,0
"Swedish",1016,"pgd_valnei",1,1,0,0,1,1,0,1,0,1,0,0
"Swedish",1016,"pge_tabgro",1,1,0,0,1,1,0,1,0,1,0,0
"Swedish",1016,"pge_tabmai",1,1,0,0,1,1,0,1,0,1,0,0
"Swedish",1016,"pgm_paqdun",1,1,0,0,1,1,0,1,0,1,0,0
"Swedish",1016,"pgm_paqtoi",1,1,0,0,1,1,0,1,0,1,0,0
"Swedish",1016,"pgt_panrou",1,1,0,0,1,1,0,1,0,1,0,0
"Swedish",1016,"pgt_panrue",1,1,0,0,1,1,0,1,0,1,0,0
"Swedish",1016,"prd_balcol",1,0,1,0,1,1,0,0,1,1,0,0
"Swedish",1016,"prd_balnei",1,0,1,0,1,1,0,0,1,1,0,0
"Swedish",1016,"pre_pnegro",1,0,1,0,1,1,0,0,1,1,0,0
"Swedish",1016,"pre_pnemai",1,0,1,0,1,1,0,0,1,1,0,0
"Swedish",1016,"prm_boudun",1,0,1,0,1,1,0,0,1,1,0,0
"Swedish",1016,"prm_boutoi",1,0,1,0,1,1,0,0,1,1,0,0
"Swedish",1016,"prt_rourou",1,0,1,0,1,1,0,0,1,1,0,0
"Swedish",1016,"prt_rourue",1,0,1,0,1,1,0,0,1,1,0,0
"Swedish",1016,"tgd_malcol",1,1,0,0,1,1,0,1,0,1,0,0
"Swedish",1016,"tgd_malnei",1,1,0,0,1,1,0,1,0,1,0,0
"Swedish",1016,"tge_chagro",1,1,0,0,1,1,0,1,0,1,0,0
"Swedish",1016,"tge_chamai",1,1,0,0,1,1,0,1,0,1,0,0
"Swedish",1016,"tgm_sacdun",1,1,0,0,1,1,0,1,0,1,0,0
"Swedish",1016,"tgm_sactoi",1,1,0,0,1,1,0,1,0,1,0,0
"Swedish",1016,"tgt_cherou",1,1,0,0,1,1,0,1,0,1,0,0
"Swedish",1016,"tgt_cherue",1,1,0,0,1,1,0,1,0,1,0,0
"Swedish",1016,"trd_brocol",1,1,0,0,1,1,0,1,0,1,0,0
"Swedish",1016,"trd_bronei",1,1,0,0,1,1,0,1,0,1,0,0
"Swedish",1016,"tre_cadgro",1,0,1,0,1,0,0,0,1,1,0,0
"Swedish",1016,"tre_cadmai",1,1,0,0,1,1,0,1,0,1,0,0
"Swedish",1016,"trm_voidun",1,1,0,0,1,1,0,1,0,1,0,0
"Swedish",1016,"trm_voitoi",1,1,0,0,1,1,0,1,0,1,0,0
"Swedish",1016,"trt_pourou",1,1,0,0,1,1,0,1,0,1,0,0
"Swedish",1016,"trt_pourue",1,1,0,0,1,1,0,1,0,1,0,0
"Swedish",1017,"pgd_valcol",1,1,0,0,1,1,0,1,0,1,0,0
"Swedish",1017,"pgd_valnei",1,1,0,0,1,1,0,1,0,1,0,0
"Swedish",1017,"pge_tabgro",1,1,0,0,1,1,0,1,0,1,0,0
"Swedish",1017,"pge_tabmai",1,1,0,0,1,1,0,1,0,1,0,0
"Swedish",1017,"pgm_paqdun",1,1,0,0,1,1,0,1,0,1,0,0
"Swedish",1017,"pgm_paqtoi",1,1,0,0,1,1,0,1,0,1,0,0
"Swedish",1017,"pgt_panrou",1,1,0,0,1,1,0,1,0,1,0,0
"Swedish",1017,"pgt_panrue",1,1,0,0,1,1,0,1,0,1,0,0
"Swedish",1017,"prd_balcol",1,0,1,0,1,1,0,0,1,1,0,0
"Swedish",1017,"prd_balnei",1,0,1,0,1,0,0,0,1,1,0,0
"Swedish",1017,"pre_pnegro",1,0,1,0,1,1,0,0,1,1,0,0
"Swedish",1017,"pre_pnemai",1,0,1,0,1,1,0,0,1,1,0,0
"Swedish",1017,"prm_boudun",1,0,1,0,1,1,0,0,1,1,0,0
"Swedish",1017,"prm_boutoi",1,0,1,0,1,1,0,0,1,1,0,0
"Swedish",1017,"prt_rourou",1,0,1,0,1,1,0,0,1,1,0,0
"Swedish",1017,"prt_rourue",1,0,0,0,1,1,0,0,0,1,0,0
"Swedish",1017,"tgd_malcol",1,1,0,0,1,1,0,1,0,1,0,0
"Swedish",1017,"tgd_malnei",1,1,0,0,1,1,0,1,0,1,0,0
"Swedish",1017,"tge_chagro",1,1,0,0,1,1,0,1,0,1,0,0
"Swedish",1017,"tge_chamai",1,1,0,0,1,1,0,1,0,1,0,0
"Swedish",1017,"tgm_sacdun",1,1,0,0,1,1,0,1,0,1,0,0
"Swedish",1017,"tgm_sactoi",1,1,0,0,1,1,0,1,0,1,0,0
"Swedish",1017,"tgt_cherou",1,1,1,0,1,1,0,1,1,1,0,0
"Swedish",1017,"tgt_cherue",1,1,0,0,1,1,0,1,0,1,0,0
"Swedish",1017,"trd_brocol",1,1,0,0,1,1,0,1,0,1,0,0
"Swedish",1017,"trd_bronei",1,1,0,0,1,1,0,1,0,1,0,0
"Swedish",1017,"tre_cadgro",1,1,0,0,1,1,0,1,0,1,0,0
"Swedish",1017,"tre_cadmai",1,1,0,0,1,1,0,1,0,1,0,0
"Swedish",1017,"trm_voidun",1,1,0,0,1,1,0,1,0,1,0,0
"Swedish",1017,"trm_voitoi",1,1,0,0,1,1,0,1,0,1,0,0
"Swedish",1017,"trt_pourou",1,1,0,0,1,1,0,1,0,1,0,0
"Swedish",1017,"trt_pourue",1,1,0,0,1,1,0,1,0,1,0,0
"Swedish",1018,"pgd_valcol",1,1,0,0,1,1,0,1,0,1,0,0
"Swedish",1018,"pgd_valnei",1,1,0,0,1,1,0,1,0,1,0,0
"Swedish",1018,"pge_tabgro",1,1,0,0,1,1,0,1,0,1,0,0
"Swedish",1018,"pge_tabmai",1,1,0,0,1,1,0,1,0,1,0,0
"Swedish",1018,"pgm_paqdun",1,1,0,0,1,1,0,1,0,1,0,0
"Swedish",1018,"pgm_paqtoi",1,1,0,0,1,1,0,1,0,1,0,0
"Swedish",1018,"pgt_panrou",1,1,0,0,1,1,0,1,0,1,0,0
"Swedish",1018,"pgt_panrue",1,1,0,0,1,1,0,1,0,1,0,0
"Swedish",1018,"prd_balcol",1,0,1,0,1,1,0,0,1,1,0,0
"Swedish",1018,"prd_balnei",1,0,1,0,1,0,0,0,1,1,0,0
"Swedish",1018,"pre_pnegro",1,0,1,0,1,1,0,0,1,1,0,0
"Swedish",1018,"pre_pnemai",1,1,0,0,1,1,0,1,0,1,0,0
"Swedish",1018,"prm_boudun",1,0,1,0,1,1,0,0,1,1,0,0
"Swedish",1018,"prm_boutoi",1,0,1,0,1,1,0,0,1,1,0,0
"Swedish",1018,"prt_rourou",1,0,1,0,1,1,0,0,1,1,0,0
"Swedish",1018,"prt_rourue",1,0,1,0,1,1,0,0,1,1,0,0
"Swedish",1018,"tgd_malcol",1,1,1,0,1,1,0,1,1,1,0,0
"Swedish",1018,"tgd_malnei",1,1,0,0,1,1,0,1,0,1,0,0
"Swedish",1018,"tge_chagro",1,1,0,0,1,1,0,1,0,1,0,0
"Swedish",1018,"tge_chamai",1,1,0,0,1,1,0,1,0,1,0,0
"Swedish",1018,"tgm_sacdun",1,1,0,0,1,1,0,1,0,1,0,0
"Swedish",1018,"tgm_sactoi",1,1,1,0,1,1,0,1,1,1,0,0
"Swedish",1018,"tgt_cherou",1,1,0,0,1,1,0,1,0,1,0,0
"Swedish",1018,"tgt_cherue",1,1,0,0,1,1,0,1,0,1,0,0
"Swedish",1018,"trd_brocol",1,1,0,0,1,1,0,1,0,1,0,0
"Swedish",1018,"trd_bronei",1,1,0,0,1,1,0,1,0,1,0,0
"Swedish",1018,"tre_cadgro",1,0,0,0,1,1,0,0,0,1,0,0
"Swedish",1018,"tre_cadmai",1,1,0,0,1,1,0,1,0,1,0,0
"Swedish",1018,"trm_voidun",1,1,0,0,1,1,0,1,0,1,0,0
"Swedish",1018,"trm_voitoi",1,1,0,0,1,1,0,1,0,1,0,0
"Swedish",1018,"trt_pourou",1,1,0,0,1,1,0,1,0,1,1,0
"Swedish",1018,"trt_pourue",1,1,0,0,1,1,0,1,0,1,0,0
"Swedish",1019,"pgd_valcol",1,1,0,0,1,1,0,1,0,1,0,0
"Swedish",1019,"pgd_valnei",1,1,0,0,1,1,0,1,0,1,0,0
"Swedish",1019,"pge_tabgro",1,1,0,0,1,1,0,1,0,1,0,0
"Swedish",1019,"pge_tabmai",1,1,0,0,1,1,0,1,0,1,0,0
"Swedish",1019,"pgm_paqdun",1,1,0,0,1,1,0,1,0,1,0,0
"Swedish",1019,"pgm_paqtoi",1,1,0,0,1,1,0,1,0,1,0,0
"Swedish",1019,"pgt_panrou",1,1,0,0,1,1,0,1,0,1,0,0
"Swedish",1019,"pgt_panrue",1,1,0,0,1,1,0,1,0,1,0,0
"Swedish",1019,"prd_balcol",1,0,1,0,1,1,0,0,1,1,0,0
"Swedish",1019,"prd_balnei",1,0,1,0,1,1,0,0,1,1,0,0
"Swedish",1019,"pre_pnegro",1,0,1,0,1,1,0,0,1,1,0,0
"Swedish",1019,"pre_pnemai",1,0,1,0,1,1,0,0,1,1,0,0
"Swedish",1019,"prm_boudun",1,0,1,0,1,1,0,0,1,1,0,0
"Swedish",1019,"prm_boutoi",1,0,1,0,1,1,0,0,1,1,0,0
"Swedish",1019,"prt_rourou",1,0,1,0,1,1,0,0,1,1,0,0
"Swedish",1019,"prt_rourue",1,0,1,0,1,1,0,0,1,1,0,0
"Swedish",1019,"tgd_malcol",1,1,1,0,1,1,0,1,1,1,0,0
"Swedish",1019,"tgd_malnei",1,1,1,0,1,1,0,1,1,1,0,0
"Swedish",1019,"tge_chagro",1,1,1,0,1,1,0,1,1,1,0,0
"Swedish",1019,"tge_chamai",1,1,1,0,1,1,0,1,1,1,0,0
"Swedish",1019,"tgm_sacdun",1,1,1,0,1,1,0,1,1,1,0,0
"Swedish",1019,"tgm_sactoi",1,1,0,0,1,1,0,1,0,1,0,0
"Swedish",1019,"tgt_cherou",1,1,1,0,1,1,0,1,1,1,0,0
"Swedish",1019,"tgt_cherue",1,1,0,0,1,1,0,1,0,1,0,0
"Swedish",1019,"trd_brocol",1,1,0,0,1,1,0,1,0,1,0,0
"Swedish",1019,"trd_bronei",1,1,0,0,1,1,0,1,0,1,0,0
"Swedish",1019,"tre_cadgro",1,1,0,0,1,1,0,1,0,1,0,0
"Swedish",1019,"tre_cadmai",1,1,0,0,1,1,0,1,0,1,0,0
"Swedish",1019,"trm_voidun",1,1,0,0,1,1,0,1,0,1,0,0
"Swedish",1019,"trm_voitoi",1,0,1,0,1,1,0,0,1,1,0,0
"Swedish",1019,"trt_pourou",1,1,0,0,1,1,0,1,0,1,0,0
"Swedish",1019,"trt_pourue",1,1,0,0,1,1,0,1,0,1,0,0
"Swedish",1020,"pgd_valcol",1,1,0,0,1,1,0,1,0,1,0,0
"Swedish",1020,"pgd_valnei",1,1,0,0,1,1,0,1,0,1,0,0
"Swedish",1020,"pge_tabgro",1,1,0,0,1,1,0,1,0,1,0,0
"Swedish",1020,"pge_tabmai",1,1,0,0,1,1,0,1,0,1,0,0
"Swedish",1020,"pgm_paqdun",1,1,0,0,1,1,0,1,0,1,0,0
"Swedish",1020,"pgm_paqtoi",1,1,0,0,1,1,0,1,0,1,0,0
"Swedish",1020,"pgt_panrou",1,1,0,0,1,1,0,1,0,1,0,0
"Swedish",1020,"pgt_panrue",1,1,0,0,1,1,0,1,0,1,0,0
"Swedish",1020,"prd_balcol",1,0,1,0,1,1,0,0,1,1,0,0
"Swedish",1020,"prd_balnei",1,0,1,0,1,1,0,0,1,1,0,0
"Swedish",1020,"pre_pnegro",1,0,1,0,1,1,0,0,1,1,0,0
"Swedish",1020,"pre_pnemai",1,0,1,0,1,1,0,0,1,1,0,0
"Swedish",1020,"prm_boudun",1,0,1,0,1,1,0,0,1,1,0,0
"Swedish",1020,"prm_boutoi",1,0,1,0,1,1,0,0,1,1,0,0
"Swedish",1020,"prt_rourou",1,0,1,0,1,1,0,0,1,1,0,0
"Swedish",1020,"prt_rourue",1,0,1,0,1,1,0,0,1,1,0,0
"Swedish",1020,"tgd_malcol",1,1,1,0,1,1,0,1,1,1,0,0
"Swedish",1020,"tgd_malnei",1,1,1,0,1,1,0,1,1,1,0,0
"Swedish",1020,"tge_chagro",1,1,1,0,1,1,0,1,1,1,0,0
"Swedish",1020,"tge_chamai",1,1,1,0,1,1,0,1,1,1,0,0
"Swedish",1020,"tgm_sacdun",1,1,1,0,1,1,0,1,1,1,0,0
"Swedish",1020,"tgm_sactoi",1,1,1,0,1,1,0,1,1,1,0,0
"Swedish",1020,"tgt_cherou",1,1,0,0,1,1,0,1,0,1,0,0
"Swedish",1020,"tgt_cherue",1,1,1,0,1,1,0,1,1,1,0,0
"Swedish",1020,"trd_brocol",1,1,1,0,1,1,0,1,1,1,0,0
"Swedish",1020,"trd_bronei",1,1,1,0,1,1,0,1,1,1,0,0
"Swedish",1020,"tre_cadgro",1,1,0,0,1,1,0,1,0,1,0,0
"Swedish",1020,"tre_cadmai",1,1,0,0,1,1,0,1,0,1,0,0
"Swedish",1020,"trm_voidun",1,1,1,0,1,1,0,1,1,1,0,0
"Swedish",1020,"trm_voitoi",1,1,0,0,1,1,0,1,0,1,0,0
"Swedish",1020,"trt_pourou",1,1,0,0,1,1,0,1,0,1,0,0
"Swedish",1020,"trt_pourue",1,1,0,0,1,1,0,1,0,1,0,0
"Swedish",1021,"pgd_valcol",1,1,0,0,1,1,0,1,0,1,0,0
"Swedish",1021,"pgd_valnei",1,1,0,0,1,1,0,1,0,1,0,0
"Swedish",1021,"pge_tabgro",1,1,0,0,1,1,0,1,0,1,0,0
"Swedish",1021,"pge_tabmai",1,1,0,0,1,1,0,1,0,1,0,0
"Swedish",1021,"pgm_paqdun",1,1,0,0,1,1,0,1,0,1,0,0
"Swedish",1021,"pgm_paqtoi",1,1,0,0,1,1,0,1,0,1,0,0
"Swedish",1021,"pgt_panrou",1,1,0,0,1,1,0,1,0,1,0,0
"Swedish",1021,"pgt_panrue",1,1,0,0,1,1,0,1,0,1,0,0
"Swedish",1021,"prd_balcol",1,0,1,0,1,1,0,0,1,1,0,0
"Swedish",1021,"prd_balnei",1,0,1,0,1,1,0,0,1,1,0,0
"Swedish",1021,"pre_pnegro",1,0,1,0,1,1,0,0,1,1,0,0
"Swedish",1021,"pre_pnemai",1,0,1,0,1,1,0,0,1,1,0,0
"Swedish",1021,"prm_boudun",1,0,1,0,1,1,0,0,1,1,0,0
"Swedish",1021,"prm_boutoi",1,0,1,0,1,1,0,0,1,1,0,0
"Swedish",1021,"prt_rourou",1,1,0,0,1,1,0,1,0,1,0,0
"Swedish",1021,"prt_rourue",1,0,1,0,1,1,0,0,1,1,0,0
"Swedish",1021,"tgd_malcol",1,1,0,0,1,1,0,1,0,1,0,0
"Swedish",1021,"tgd_malnei",1,1,0,0,1,1,0,1,0,1,0,0
"Swedish",1021,"tge_chagro",1,0,0,0,1,1,0,0,0,1,0,0
"Swedish",1021,"tge_chamai",1,0,0,0,1,1,0,0,0,1,0,0
"Swedish",1021,"tgm_sacdun",1,1,0,0,1,1,0,1,0,1,0,0
"Swedish",1021,"tgm_sactoi",1,1,0,0,1,1,0,1,0,1,0,0
"Swedish",1021,"tgt_cherou",1,1,0,0,1,1,0,1,0,1,0,0
"Swedish",1021,"tgt_cherue",1,1,0,0,1,1,0,1,0,1,0,0
"Swedish",1021,"trd_brocol",1,1,0,0,1,1,0,1,0,1,0,0
"Swedish",1021,"trd_bronei",0,1,0,0,1,1,0,1,0,0,1,0
"Swedish",1021,"tre_cadgro",1,0,0,0,1,1,0,0,0,1,0,0
"Swedish",1021,"tre_cadmai",1,1,0,0,1,1,0,1,0,1,0,0
"Swedish",1021,"trm_voidun",1,1,0,0,1,1,0,1,0,1,0,0
"Swedish",1021,"trm_voitoi",1,1,0,0,1,1,0,1,0,1,0,0
"Swedish",1021,"trt_pourou",1,1,0,0,1,1,0,1,0,1,0,0
"Swedish",1021,"trt_pourue",1,1,0,0,1,1,0,1,0,1,0,0
